system:index,area,class_id,class_name,territory,version,year,.geo
0_0_0,372277.40968083893,3,Leñosas Cerradas,0.0,col5-v2-arg-level_1-FINAL,1985,"{""type"":""Point"",""coordinates"":[0.0,0.0]}"
0_0_1,72082.04593868848,4,Leñosas Abiertas,0.0,col5-v2-arg-level_1-FINAL,1985,"{""type"":""Point"",""coordinates"":[0.0,0.0]}"
0_0_2,22856.02277572127,6,Leñosas Inundables,0.0,col5-v2-arg-level_1-FINAL,1985,"{""type"":""Point"",""coordinates"":[0.0,0.0]}"
0_0_3,850.6173974682652,9,Leñosas Cultivadas,0.0,col5-v2-arg-level_1-FINAL,1985,"{""type"":""Point"",""coordinates"":[0.0,0.0]}"
0_0_4,70783.79579939308,11,Pastizal Inundable,0.0,col5-v2-arg-level_1-FINAL,1985,"{""type"":""Point"",""coordinates"":[0.0,0.0]}"
0_0_5,14794.811362244549,15,Pasturas,0.0,col5-v2-arg-level_1-FINAL,1985,"{""type"":""Point"",""coordinates"":[0.0,0.0]}"
0_0_6,442.6773064613806,23,Playa y Dunas,0.0,col5-v2-arg-level_1-FINAL,1985,"{""type"":""Point"",""coordinates"":[0.0,0.0]}"
0_0_7,1533.4947545134225,24,Infraestructura Urbana,0.0,col5-v2-arg-level_1-FINAL,1985,"{""type"":""Point"",""coordinates"":[0.0,0.0]}"
0_0_8,401.20399366037617,25,Otras Areas No Vegetadas,0.0,col5-v2-arg-level_1-FINAL,1985,"{""type"":""Point"",""coordinates"":[0.0,0.0]}"
0_0_9,7575.898587464237,26,Cuerpo de agua,0.0,col5-v2-arg-level_1-FINAL,1985,"{""type"":""Point"",""coordinates"":[0.0,0.0]}"
0_0_10,5107.702215530578,32,Salinas,0.0,col5-v2-arg-level_1-FINAL,1985,"{""type"":""Point"",""coordinates"":[0.0,0.0]}"
0_0_11,7143.434531322354,42,Pastizal Abierto,0.0,col5-v2-arg-level_1-FINAL,1985,"{""type"":""Point"",""coordinates"":[0.0,0.0]}"
0_0_12,26761.346065836115,43,Pastizal Cerrado,0.0,col5-v2-arg-level_1-FINAL,1985,"{""type"":""Point"",""coordinates"":[0.0,0.0]}"
0_0_13,713.8598871855625,44,Pastizal Disperso,0.0,col5-v2-arg-level_1-FINAL,1985,"{""type"":""Point"",""coordinates"":[0.0,0.0]}"
0_0_14,14541.39723551556,45,Leñosas Dispersas,0.0,col5-v2-arg-level_1-FINAL,1985,"{""type"":""Point"",""coordinates"":[0.0,0.0]}"
0_0_15,33261.48775895062,57,Cultivos Simples,0.0,col5-v2-arg-level_1-FINAL,1985,"{""type"":""Point"",""coordinates"":[0.0,0.0]}"
0_0_16,5.498356565419387,58,Cultivos Multiples,0.0,col5-v2-arg-level_1-FINAL,1985,"{""type"":""Point"",""coordinates"":[0.0,0.0]}"
1_0_0,372282.68941623607,3,Leñosas Cerradas,0.0,col5-v2-arg-level_1-FINAL,1986,"{""type"":""Point"",""coordinates"":[0.0,0.0]}"
1_0_1,69474.99931179793,4,Leñosas Abiertas,0.0,col5-v2-arg-level_1-FINAL,1986,"{""type"":""Point"",""coordinates"":[0.0,0.0]}"
1_0_2,21495.150996676275,6,Leñosas Inundables,0.0,col5-v2-arg-level_1-FINAL,1986,"{""type"":""Point"",""coordinates"":[0.0,0.0]}"
1_0_3,714.7189371082326,9,Leñosas Cultivadas,0.0,col5-v2-arg-level_1-FINAL,1986,"{""type"":""Point"",""coordinates"":[0.0,0.0]}"
1_0_4,71524.77567205354,11,Pastizal Inundable,0.0,col5-v2-arg-level_1-FINAL,1986,"{""type"":""Point"",""coordinates"":[0.0,0.0]}"
1_0_5,14106.287746993776,15,Pasturas,0.0,col5-v2-arg-level_1-FINAL,1986,"{""type"":""Point"",""coordinates"":[0.0,0.0]}"
1_0_6,442.99546850479715,23,Playa y Dunas,0.0,col5-v2-arg-level_1-FINAL,1986,"{""type"":""Point"",""coordinates"":[0.0,0.0]}"
1_0_7,1535.081603739409,24,Infraestructura Urbana,0.0,col5-v2-arg-level_1-FINAL,1986,"{""type"":""Point"",""coordinates"":[0.0,0.0]}"
1_0_8,377.0498315066903,25,Otras Areas No Vegetadas,0.0,col5-v2-arg-level_1-FINAL,1986,"{""type"":""Point"",""coordinates"":[0.0,0.0]}"
1_0_9,7463.708589461802,26,Cuerpo de agua,0.0,col5-v2-arg-level_1-FINAL,1986,"{""type"":""Point"",""coordinates"":[0.0,0.0]}"
1_0_10,4977.869445466392,32,Salinas,0.0,col5-v2-arg-level_1-FINAL,1986,"{""type"":""Point"",""coordinates"":[0.0,0.0]}"
1_0_11,6732.806365226425,42,Pastizal Abierto,0.0,col5-v2-arg-level_1-FINAL,1986,"{""type"":""Point"",""coordinates"":[0.0,0.0]}"
1_0_12,25637.65930511132,43,Pastizal Cerrado,0.0,col5-v2-arg-level_1-FINAL,1986,"{""type"":""Point"",""coordinates"":[0.0,0.0]}"
1_0_13,696.6214159319815,44,Pastizal Disperso,0.0,col5-v2-arg-level_1-FINAL,1986,"{""type"":""Point"",""coordinates"":[0.0,0.0]}"
1_0_14,14480.880373858286,45,Leñosas Dispersas,0.0,col5-v2-arg-level_1-FINAL,1986,"{""type"":""Point"",""coordinates"":[0.0,0.0]}"
1_0_15,39152.736882190555,57,Cultivos Simples,0.0,col5-v2-arg-level_1-FINAL,1986,"{""type"":""Point"",""coordinates"":[0.0,0.0]}"
1_0_16,36.67228549408965,58,Cultivos Multiples,0.0,col5-v2-arg-level_1-FINAL,1986,"{""type"":""Point"",""coordinates"":[0.0,0.0]}"
2_0_0,372053.59285117127,3,Leñosas Cerradas,0.0,col5-v2-arg-level_1-FINAL,1987,"{""type"":""Point"",""coordinates"":[0.0,0.0]}"
2_0_1,70131.69482384421,4,Leñosas Abiertas,0.0,col5-v2-arg-level_1-FINAL,1987,"{""type"":""Point"",""coordinates"":[0.0,0.0]}"
2_0_2,22456.021781071253,6,Leñosas Inundables,0.0,col5-v2-arg-level_1-FINAL,1987,"{""type"":""Point"",""coordinates"":[0.0,0.0]}"
2_0_3,706.406775559779,9,Leñosas Cultivadas,0.0,col5-v2-arg-level_1-FINAL,1987,"{""type"":""Point"",""coordinates"":[0.0,0.0]}"
2_0_4,68916.71872347522,11,Pastizal Inundable,0.0,col5-v2-arg-level_1-FINAL,1987,"{""type"":""Point"",""coordinates"":[0.0,0.0]}"
2_0_5,13980.420900581299,15,Pasturas,0.0,col5-v2-arg-level_1-FINAL,1987,"{""type"":""Point"",""coordinates"":[0.0,0.0]}"
2_0_6,501.0878704805739,23,Playa y Dunas,0.0,col5-v2-arg-level_1-FINAL,1987,"{""type"":""Point"",""coordinates"":[0.0,0.0]}"
2_0_7,1538.5451392076313,24,Infraestructura Urbana,0.0,col5-v2-arg-level_1-FINAL,1987,"{""type"":""Point"",""coordinates"":[0.0,0.0]}"
2_0_8,352.79259702067884,25,Otras Areas No Vegetadas,0.0,col5-v2-arg-level_1-FINAL,1987,"{""type"":""Point"",""coordinates"":[0.0,0.0]}"
2_0_9,7282.120717313786,26,Cuerpo de agua,0.0,col5-v2-arg-level_1-FINAL,1987,"{""type"":""Point"",""coordinates"":[0.0,0.0]}"
2_0_10,4898.611191990909,32,Salinas,0.0,col5-v2-arg-level_1-FINAL,1987,"{""type"":""Point"",""coordinates"":[0.0,0.0]}"
2_0_11,6734.87714794825,42,Pastizal Abierto,0.0,col5-v2-arg-level_1-FINAL,1987,"{""type"":""Point"",""coordinates"":[0.0,0.0]}"
2_0_12,26688.896699041445,43,Pastizal Cerrado,0.0,col5-v2-arg-level_1-FINAL,1987,"{""type"":""Point"",""coordinates"":[0.0,0.0]}"
2_0_13,697.9541188831814,44,Pastizal Disperso,0.0,col5-v2-arg-level_1-FINAL,1987,"{""type"":""Point"",""coordinates"":[0.0,0.0]}"
2_0_14,14417.177776434006,45,Leñosas Dispersas,0.0,col5-v2-arg-level_1-FINAL,1987,"{""type"":""Point"",""coordinates"":[0.0,0.0]}"
2_0_15,34164.32878714207,57,Cultivos Simples,0.0,col5-v2-arg-level_1-FINAL,1987,"{""type"":""Point"",""coordinates"":[0.0,0.0]}"
2_0_16,5611.45574619481,58,Cultivos Multiples,0.0,col5-v2-arg-level_1-FINAL,1987,"{""type"":""Point"",""coordinates"":[0.0,0.0]}"
3_0_0,368172.3748969511,3,Leñosas Cerradas,0.0,col5-v2-arg-level_1-FINAL,1988,"{""type"":""Point"",""coordinates"":[0.0,0.0]}"
3_0_1,71668.38819000132,4,Leñosas Abiertas,0.0,col5-v2-arg-level_1-FINAL,1988,"{""type"":""Point"",""coordinates"":[0.0,0.0]}"
3_0_2,22533.887851250187,6,Leñosas Inundables,0.0,col5-v2-arg-level_1-FINAL,1988,"{""type"":""Point"",""coordinates"":[0.0,0.0]}"
3_0_3,626.2937769842447,9,Leñosas Cultivadas,0.0,col5-v2-arg-level_1-FINAL,1988,"{""type"":""Point"",""coordinates"":[0.0,0.0]}"
3_0_4,67895.6145248687,11,Pastizal Inundable,0.0,col5-v2-arg-level_1-FINAL,1988,"{""type"":""Point"",""coordinates"":[0.0,0.0]}"
3_0_5,14005.935446259835,15,Pasturas,0.0,col5-v2-arg-level_1-FINAL,1988,"{""type"":""Point"",""coordinates"":[0.0,0.0]}"
3_0_6,418.6632324254567,23,Playa y Dunas,0.0,col5-v2-arg-level_1-FINAL,1988,"{""type"":""Point"",""coordinates"":[0.0,0.0]}"
3_0_7,1539.6074131024052,24,Infraestructura Urbana,0.0,col5-v2-arg-level_1-FINAL,1988,"{""type"":""Point"",""coordinates"":[0.0,0.0]}"
3_0_8,242.14542137491765,25,Otras Areas No Vegetadas,0.0,col5-v2-arg-level_1-FINAL,1988,"{""type"":""Point"",""coordinates"":[0.0,0.0]}"
3_0_9,7523.5282199626645,26,Cuerpo de agua,0.0,col5-v2-arg-level_1-FINAL,1988,"{""type"":""Point"",""coordinates"":[0.0,0.0]}"
3_0_10,5022.780271642856,32,Salinas,0.0,col5-v2-arg-level_1-FINAL,1988,"{""type"":""Point"",""coordinates"":[0.0,0.0]}"
3_0_11,6843.457613869175,42,Pastizal Abierto,0.0,col5-v2-arg-level_1-FINAL,1988,"{""type"":""Point"",""coordinates"":[0.0,0.0]}"
3_0_12,28146.145074253385,43,Pastizal Cerrado,0.0,col5-v2-arg-level_1-FINAL,1988,"{""type"":""Point"",""coordinates"":[0.0,0.0]}"
3_0_13,719.0072859316765,44,Pastizal Disperso,0.0,col5-v2-arg-level_1-FINAL,1988,"{""type"":""Point"",""coordinates"":[0.0,0.0]}"
3_0_14,14785.202040088443,45,Leñosas Dispersas,0.0,col5-v2-arg-level_1-FINAL,1988,"{""type"":""Point"",""coordinates"":[0.0,0.0]}"
3_0_15,35912.30446539695,57,Cultivos Simples,0.0,col5-v2-arg-level_1-FINAL,1988,"{""type"":""Point"",""coordinates"":[0.0,0.0]}"
3_0_16,5077.367922996028,58,Cultivos Multiples,0.0,col5-v2-arg-level_1-FINAL,1988,"{""type"":""Point"",""coordinates"":[0.0,0.0]}"
4_0_0,365676.7651481966,3,Leñosas Cerradas,0.0,col5-v2-arg-level_1-FINAL,1989,"{""type"":""Point"",""coordinates"":[0.0,0.0]}"
4_0_1,72505.77863063038,4,Leñosas Abiertas,0.0,col5-v2-arg-level_1-FINAL,1989,"{""type"":""Point"",""coordinates"":[0.0,0.0]}"
4_0_2,21939.555590646156,6,Leñosas Inundables,0.0,col5-v2-arg-level_1-FINAL,1989,"{""type"":""Point"",""coordinates"":[0.0,0.0]}"
4_0_3,675.1363864538109,9,Leñosas Cultivadas,0.0,col5-v2-arg-level_1-FINAL,1989,"{""type"":""Point"",""coordinates"":[0.0,0.0]}"
4_0_4,67866.11420951424,11,Pastizal Inundable,0.0,col5-v2-arg-level_1-FINAL,1989,"{""type"":""Point"",""coordinates"":[0.0,0.0]}"
4_0_5,14328.845380819366,15,Pasturas,0.0,col5-v2-arg-level_1-FINAL,1989,"{""type"":""Point"",""coordinates"":[0.0,0.0]}"
4_0_6,431.83561573119124,23,Playa y Dunas,0.0,col5-v2-arg-level_1-FINAL,1989,"{""type"":""Point"",""coordinates"":[0.0,0.0]}"
4_0_7,1540.2502966205186,24,Infraestructura Urbana,0.0,col5-v2-arg-level_1-FINAL,1989,"{""type"":""Point"",""coordinates"":[0.0,0.0]}"
4_0_8,330.92210937425966,25,Otras Areas No Vegetadas,0.0,col5-v2-arg-level_1-FINAL,1989,"{""type"":""Point"",""coordinates"":[0.0,0.0]}"
4_0_9,7968.314603558261,26,Cuerpo de agua,0.0,col5-v2-arg-level_1-FINAL,1989,"{""type"":""Point"",""coordinates"":[0.0,0.0]}"
4_0_10,5260.621323790054,32,Salinas,0.0,col5-v2-arg-level_1-FINAL,1989,"{""type"":""Point"",""coordinates"":[0.0,0.0]}"
4_0_11,6733.803771827943,42,Pastizal Abierto,0.0,col5-v2-arg-level_1-FINAL,1989,"{""type"":""Point"",""coordinates"":[0.0,0.0]}"
4_0_12,28341.736980080495,43,Pastizal Cerrado,0.0,col5-v2-arg-level_1-FINAL,1989,"{""type"":""Point"",""coordinates"":[0.0,0.0]}"
4_0_13,728.2533387454416,44,Pastizal Disperso,0.0,col5-v2-arg-level_1-FINAL,1989,"{""type"":""Point"",""coordinates"":[0.0,0.0]}"
4_0_14,15259.142229086736,45,Leñosas Dispersas,0.0,col5-v2-arg-level_1-FINAL,1989,"{""type"":""Point"",""coordinates"":[0.0,0.0]}"
4_0_15,39213.4163047014,57,Cultivos Simples,0.0,col5-v2-arg-level_1-FINAL,1989,"{""type"":""Point"",""coordinates"":[0.0,0.0]}"
4_0_16,2332.2117275787273,58,Cultivos Multiples,0.0,col5-v2-arg-level_1-FINAL,1989,"{""type"":""Point"",""coordinates"":[0.0,0.0]}"
5_0_0,366171.2864719646,3,Leñosas Cerradas,0.0,col5-v2-arg-level_1-FINAL,1990,"{""type"":""Point"",""coordinates"":[0.0,0.0]}"
5_0_1,72294.67809298517,4,Leñosas Abiertas,0.0,col5-v2-arg-level_1-FINAL,1990,"{""type"":""Point"",""coordinates"":[0.0,0.0]}"
5_0_2,22139.789982472892,6,Leñosas Inundables,0.0,col5-v2-arg-level_1-FINAL,1990,"{""type"":""Point"",""coordinates"":[0.0,0.0]}"
5_0_3,786.9365610537831,9,Leñosas Cultivadas,0.0,col5-v2-arg-level_1-FINAL,1990,"{""type"":""Point"",""coordinates"":[0.0,0.0]}"
5_0_4,67864.52446330605,11,Pastizal Inundable,0.0,col5-v2-arg-level_1-FINAL,1990,"{""type"":""Point"",""coordinates"":[0.0,0.0]}"
5_0_5,14447.658504825358,15,Pasturas,0.0,col5-v2-arg-level_1-FINAL,1990,"{""type"":""Point"",""coordinates"":[0.0,0.0]}"
5_0_6,326.2276827571909,23,Playa y Dunas,0.0,col5-v2-arg-level_1-FINAL,1990,"{""type"":""Point"",""coordinates"":[0.0,0.0]}"
5_0_7,1541.3328561099777,24,Infraestructura Urbana,0.0,col5-v2-arg-level_1-FINAL,1990,"{""type"":""Point"",""coordinates"":[0.0,0.0]}"
5_0_8,383.56499007889704,25,Otras Areas No Vegetadas,0.0,col5-v2-arg-level_1-FINAL,1990,"{""type"":""Point"",""coordinates"":[0.0,0.0]}"
5_0_9,7780.171343866852,26,Cuerpo de agua,0.0,col5-v2-arg-level_1-FINAL,1990,"{""type"":""Point"",""coordinates"":[0.0,0.0]}"
5_0_10,5292.519477861024,32,Salinas,0.0,col5-v2-arg-level_1-FINAL,1990,"{""type"":""Point"",""coordinates"":[0.0,0.0]}"
5_0_11,6644.578416345736,42,Pastizal Abierto,0.0,col5-v2-arg-level_1-FINAL,1990,"{""type"":""Point"",""coordinates"":[0.0,0.0]}"
5_0_12,28567.682230048653,43,Pastizal Cerrado,0.0,col5-v2-arg-level_1-FINAL,1990,"{""type"":""Point"",""coordinates"":[0.0,0.0]}"
5_0_13,718.9834823124404,44,Pastizal Disperso,0.0,col5-v2-arg-level_1-FINAL,1990,"{""type"":""Point"",""coordinates"":[0.0,0.0]}"
5_0_14,14739.203270701377,45,Leñosas Dispersas,0.0,col5-v2-arg-level_1-FINAL,1990,"{""type"":""Point"",""coordinates"":[0.0,0.0]}"
5_0_15,35349.147429065866,57,Cultivos Simples,0.0,col5-v2-arg-level_1-FINAL,1990,"{""type"":""Point"",""coordinates"":[0.0,0.0]}"
5_0_16,6084.41839159906,58,Cultivos Multiples,0.0,col5-v2-arg-level_1-FINAL,1990,"{""type"":""Point"",""coordinates"":[0.0,0.0]}"
6_0_0,366552.2883895684,3,Leñosas Cerradas,0.0,col5-v2-arg-level_1-FINAL,1991,"{""type"":""Point"",""coordinates"":[0.0,0.0]}"
6_0_1,71665.19896478382,4,Leñosas Abiertas,0.0,col5-v2-arg-level_1-FINAL,1991,"{""type"":""Point"",""coordinates"":[0.0,0.0]}"
6_0_2,21907.958246600083,6,Leñosas Inundables,0.0,col5-v2-arg-level_1-FINAL,1991,"{""type"":""Point"",""coordinates"":[0.0,0.0]}"
6_0_3,706.1940010399251,9,Leñosas Cultivadas,0.0,col5-v2-arg-level_1-FINAL,1991,"{""type"":""Point"",""coordinates"":[0.0,0.0]}"
6_0_4,68993.67465447515,11,Pastizal Inundable,0.0,col5-v2-arg-level_1-FINAL,1991,"{""type"":""Point"",""coordinates"":[0.0,0.0]}"
6_0_5,14690.901272103703,15,Pasturas,0.0,col5-v2-arg-level_1-FINAL,1991,"{""type"":""Point"",""coordinates"":[0.0,0.0]}"
6_0_6,298.6085616034021,23,Playa y Dunas,0.0,col5-v2-arg-level_1-FINAL,1991,"{""type"":""Point"",""coordinates"":[0.0,0.0]}"
6_0_7,1540.9976347859863,24,Infraestructura Urbana,0.0,col5-v2-arg-level_1-FINAL,1991,"{""type"":""Point"",""coordinates"":[0.0,0.0]}"
6_0_8,367.00262998250906,25,Otras Areas No Vegetadas,0.0,col5-v2-arg-level_1-FINAL,1991,"{""type"":""Point"",""coordinates"":[0.0,0.0]}"
6_0_9,7940.432060209213,26,Cuerpo de agua,0.0,col5-v2-arg-level_1-FINAL,1991,"{""type"":""Point"",""coordinates"":[0.0,0.0]}"
6_0_10,5529.76241202175,32,Salinas,0.0,col5-v2-arg-level_1-FINAL,1991,"{""type"":""Point"",""coordinates"":[0.0,0.0]}"
6_0_11,6583.439602396633,42,Pastizal Abierto,0.0,col5-v2-arg-level_1-FINAL,1991,"{""type"":""Point"",""coordinates"":[0.0,0.0]}"
6_0_12,28211.585158841583,43,Pastizal Cerrado,0.0,col5-v2-arg-level_1-FINAL,1991,"{""type"":""Point"",""coordinates"":[0.0,0.0]}"
6_0_13,705.9531000916354,44,Pastizal Disperso,0.0,col5-v2-arg-level_1-FINAL,1991,"{""type"":""Point"",""coordinates"":[0.0,0.0]}"
6_0_14,14084.132678957469,45,Leñosas Dispersas,0.0,col5-v2-arg-level_1-FINAL,1991,"{""type"":""Point"",""coordinates"":[0.0,0.0]}"
6_0_15,36052.46816519793,57,Cultivos Simples,0.0,col5-v2-arg-level_1-FINAL,1991,"{""type"":""Point"",""coordinates"":[0.0,0.0]}"
6_0_16,5302.106114700028,58,Cultivos Multiples,0.0,col5-v2-arg-level_1-FINAL,1991,"{""type"":""Point"",""coordinates"":[0.0,0.0]}"
7_0_0,365974.3016044394,3,Leñosas Cerradas,0.0,col5-v2-arg-level_1-FINAL,1992,"{""type"":""Point"",""coordinates"":[0.0,0.0]}"
7_0_1,70418.83211323044,4,Leñosas Abiertas,0.0,col5-v2-arg-level_1-FINAL,1992,"{""type"":""Point"",""coordinates"":[0.0,0.0]}"
7_0_2,21766.85116472738,6,Leñosas Inundables,0.0,col5-v2-arg-level_1-FINAL,1992,"{""type"":""Point"",""coordinates"":[0.0,0.0]}"
7_0_3,728.0680328218879,9,Leñosas Cultivadas,0.0,col5-v2-arg-level_1-FINAL,1992,"{""type"":""Point"",""coordinates"":[0.0,0.0]}"
7_0_4,69561.3576741998,11,Pastizal Inundable,0.0,col5-v2-arg-level_1-FINAL,1992,"{""type"":""Point"",""coordinates"":[0.0,0.0]}"
7_0_5,14334.471418413419,15,Pasturas,0.0,col5-v2-arg-level_1-FINAL,1992,"{""type"":""Point"",""coordinates"":[0.0,0.0]}"
7_0_6,275.6313824605056,23,Playa y Dunas,0.0,col5-v2-arg-level_1-FINAL,1992,"{""type"":""Point"",""coordinates"":[0.0,0.0]}"
7_0_7,1542.5919811100075,24,Infraestructura Urbana,0.0,col5-v2-arg-level_1-FINAL,1992,"{""type"":""Point"",""coordinates"":[0.0,0.0]}"
7_0_8,417.337275571298,25,Otras Areas No Vegetadas,0.0,col5-v2-arg-level_1-FINAL,1992,"{""type"":""Point"",""coordinates"":[0.0,0.0]}"
7_0_9,8234.052514553938,26,Cuerpo de agua,0.0,col5-v2-arg-level_1-FINAL,1992,"{""type"":""Point"",""coordinates"":[0.0,0.0]}"
7_0_10,5276.986604650225,32,Salinas,0.0,col5-v2-arg-level_1-FINAL,1992,"{""type"":""Point"",""coordinates"":[0.0,0.0]}"
7_0_11,6726.999646364079,42,Pastizal Abierto,0.0,col5-v2-arg-level_1-FINAL,1992,"{""type"":""Point"",""coordinates"":[0.0,0.0]}"
7_0_12,27826.614551185074,43,Pastizal Cerrado,0.0,col5-v2-arg-level_1-FINAL,1992,"{""type"":""Point"",""coordinates"":[0.0,0.0]}"
7_0_13,703.6965292555035,44,Pastizal Disperso,0.0,col5-v2-arg-level_1-FINAL,1992,"{""type"":""Point"",""coordinates"":[0.0,0.0]}"
7_0_14,13894.846036420993,45,Leñosas Dispersas,0.0,col5-v2-arg-level_1-FINAL,1992,"{""type"":""Point"",""coordinates"":[0.0,0.0]}"
7_0_15,36534.55715035479,57,Cultivos Simples,0.0,col5-v2-arg-level_1-FINAL,1992,"{""type"":""Point"",""coordinates"":[0.0,0.0]}"
7_0_16,6915.507967600694,58,Cultivos Multiples,0.0,col5-v2-arg-level_1-FINAL,1992,"{""type"":""Point"",""coordinates"":[0.0,0.0]}"
8_0_0,363261.3429439461,3,Leñosas Cerradas,0.0,col5-v2-arg-level_1-FINAL,1993,"{""type"":""Point"",""coordinates"":[0.0,0.0]}"
8_0_1,71187.75712764983,4,Leñosas Abiertas,0.0,col5-v2-arg-level_1-FINAL,1993,"{""type"":""Point"",""coordinates"":[0.0,0.0]}"
8_0_2,21707.729785644184,6,Leñosas Inundables,0.0,col5-v2-arg-level_1-FINAL,1993,"{""type"":""Point"",""coordinates"":[0.0,0.0]}"
8_0_3,734.5185694323462,9,Leñosas Cultivadas,0.0,col5-v2-arg-level_1-FINAL,1993,"{""type"":""Point"",""coordinates"":[0.0,0.0]}"
8_0_4,69943.90007117482,11,Pastizal Inundable,0.0,col5-v2-arg-level_1-FINAL,1993,"{""type"":""Point"",""coordinates"":[0.0,0.0]}"
8_0_5,14015.646652851416,15,Pasturas,0.0,col5-v2-arg-level_1-FINAL,1993,"{""type"":""Point"",""coordinates"":[0.0,0.0]}"
8_0_6,314.27128390135624,23,Playa y Dunas,0.0,col5-v2-arg-level_1-FINAL,1993,"{""type"":""Point"",""coordinates"":[0.0,0.0]}"
8_0_7,1542.3739946229675,24,Infraestructura Urbana,0.0,col5-v2-arg-level_1-FINAL,1993,"{""type"":""Point"",""coordinates"":[0.0,0.0]}"
8_0_8,381.4662963539102,25,Otras Areas No Vegetadas,0.0,col5-v2-arg-level_1-FINAL,1993,"{""type"":""Point"",""coordinates"":[0.0,0.0]}"
8_0_9,8233.894017796674,26,Cuerpo de agua,0.0,col5-v2-arg-level_1-FINAL,1993,"{""type"":""Point"",""coordinates"":[0.0,0.0]}"
8_0_10,5094.479421329034,32,Salinas,0.0,col5-v2-arg-level_1-FINAL,1993,"{""type"":""Point"",""coordinates"":[0.0,0.0]}"
8_0_11,6728.568422080595,42,Pastizal Abierto,0.0,col5-v2-arg-level_1-FINAL,1993,"{""type"":""Point"",""coordinates"":[0.0,0.0]}"
8_0_12,28069.308065239813,43,Pastizal Cerrado,0.0,col5-v2-arg-level_1-FINAL,1993,"{""type"":""Point"",""coordinates"":[0.0,0.0]}"
8_0_13,700.6138323115524,44,Pastizal Disperso,0.0,col5-v2-arg-level_1-FINAL,1993,"{""type"":""Point"",""coordinates"":[0.0,0.0]}"
8_0_14,13837.764411280581,45,Leñosas Dispersas,0.0,col5-v2-arg-level_1-FINAL,1993,"{""type"":""Point"",""coordinates"":[0.0,0.0]}"
8_0_15,39482.28667127909,57,Cultivos Simples,0.0,col5-v2-arg-level_1-FINAL,1993,"{""type"":""Point"",""coordinates"":[0.0,0.0]}"
8_0_16,5896.7820804696685,58,Cultivos Multiples,0.0,col5-v2-arg-level_1-FINAL,1993,"{""type"":""Point"",""coordinates"":[0.0,0.0]}"
9_0_0,360436.6367240481,3,Leñosas Cerradas,0.0,col5-v2-arg-level_1-FINAL,1994,"{""type"":""Point"",""coordinates"":[0.0,0.0]}"
9_0_1,73518.69422895438,4,Leñosas Abiertas,0.0,col5-v2-arg-level_1-FINAL,1994,"{""type"":""Point"",""coordinates"":[0.0,0.0]}"
9_0_2,20965.361501362124,6,Leñosas Inundables,0.0,col5-v2-arg-level_1-FINAL,1994,"{""type"":""Point"",""coordinates"":[0.0,0.0]}"
9_0_3,760.3929673543718,9,Leñosas Cultivadas,0.0,col5-v2-arg-level_1-FINAL,1994,"{""type"":""Point"",""coordinates"":[0.0,0.0]}"
9_0_4,69117.17023595046,11,Pastizal Inundable,0.0,col5-v2-arg-level_1-FINAL,1994,"{""type"":""Point"",""coordinates"":[0.0,0.0]}"
9_0_5,14347.77960713874,15,Pasturas,0.0,col5-v2-arg-level_1-FINAL,1994,"{""type"":""Point"",""coordinates"":[0.0,0.0]}"
9_0_6,321.3152153875964,23,Playa y Dunas,0.0,col5-v2-arg-level_1-FINAL,1994,"{""type"":""Point"",""coordinates"":[0.0,0.0]}"
9_0_7,1539.0153945827635,24,Infraestructura Urbana,0.0,col5-v2-arg-level_1-FINAL,1994,"{""type"":""Point"",""coordinates"":[0.0,0.0]}"
9_0_8,209.995429131704,25,Otras Areas No Vegetadas,0.0,col5-v2-arg-level_1-FINAL,1994,"{""type"":""Point"",""coordinates"":[0.0,0.0]}"
9_0_9,7788.054435389196,26,Cuerpo de agua,0.0,col5-v2-arg-level_1-FINAL,1994,"{""type"":""Point"",""coordinates"":[0.0,0.0]}"
9_0_10,5035.176855491916,32,Salinas,0.0,col5-v2-arg-level_1-FINAL,1994,"{""type"":""Point"",""coordinates"":[0.0,0.0]}"
9_0_11,6681.912327499801,42,Pastizal Abierto,0.0,col5-v2-arg-level_1-FINAL,1994,"{""type"":""Point"",""coordinates"":[0.0,0.0]}"
9_0_12,28697.44680654206,43,Pastizal Cerrado,0.0,col5-v2-arg-level_1-FINAL,1994,"{""type"":""Point"",""coordinates"":[0.0,0.0]}"
9_0_13,704.6449754950119,44,Pastizal Disperso,0.0,col5-v2-arg-level_1-FINAL,1994,"{""type"":""Point"",""coordinates"":[0.0,0.0]}"
9_0_14,13848.180385784117,45,Leñosas Dispersas,0.0,col5-v2-arg-level_1-FINAL,1994,"{""type"":""Point"",""coordinates"":[0.0,0.0]}"
9_0_15,44426.49811724977,57,Cultivos Simples,0.0,col5-v2-arg-level_1-FINAL,1994,"{""type"":""Point"",""coordinates"":[0.0,0.0]}"
9_0_16,2734.4284400000547,58,Cultivos Multiples,0.0,col5-v2-arg-level_1-FINAL,1994,"{""type"":""Point"",""coordinates"":[0.0,0.0]}"
10_0_0,354375.1604116219,3,Leñosas Cerradas,0.0,col5-v2-arg-level_1-FINAL,1995,"{""type"":""Point"",""coordinates"":[0.0,0.0]}"
10_0_1,74590.28776818373,4,Leñosas Abiertas,0.0,col5-v2-arg-level_1-FINAL,1995,"{""type"":""Point"",""coordinates"":[0.0,0.0]}"
10_0_2,19644.138713708864,6,Leñosas Inundables,0.0,col5-v2-arg-level_1-FINAL,1995,"{""type"":""Point"",""coordinates"":[0.0,0.0]}"
10_0_3,797.8954626086448,9,Leñosas Cultivadas,0.0,col5-v2-arg-level_1-FINAL,1995,"{""type"":""Point"",""coordinates"":[0.0,0.0]}"
10_0_4,69595.15858882501,11,Pastizal Inundable,0.0,col5-v2-arg-level_1-FINAL,1995,"{""type"":""Point"",""coordinates"":[0.0,0.0]}"
10_0_5,17617.050646264477,15,Pasturas,0.0,col5-v2-arg-level_1-FINAL,1995,"{""type"":""Point"",""coordinates"":[0.0,0.0]}"
10_0_6,452.4008501048605,23,Playa y Dunas,0.0,col5-v2-arg-level_1-FINAL,1995,"{""type"":""Point"",""coordinates"":[0.0,0.0]}"
10_0_7,1538.5503074344058,24,Infraestructura Urbana,0.0,col5-v2-arg-level_1-FINAL,1995,"{""type"":""Point"",""coordinates"":[0.0,0.0]}"
10_0_8,24.190588443898893,25,Otras Areas No Vegetadas,0.0,col5-v2-arg-level_1-FINAL,1995,"{""type"":""Point"",""coordinates"":[0.0,0.0]}"
10_0_9,7872.463116319302,26,Cuerpo de agua,0.0,col5-v2-arg-level_1-FINAL,1995,"{""type"":""Point"",""coordinates"":[0.0,0.0]}"
10_0_10,5167.138132283337,32,Salinas,0.0,col5-v2-arg-level_1-FINAL,1995,"{""type"":""Point"",""coordinates"":[0.0,0.0]}"
10_0_11,6699.012655350307,42,Pastizal Abierto,0.0,col5-v2-arg-level_1-FINAL,1995,"{""type"":""Point"",""coordinates"":[0.0,0.0]}"
10_0_12,30478.77915493738,43,Pastizal Cerrado,0.0,col5-v2-arg-level_1-FINAL,1995,"{""type"":""Point"",""coordinates"":[0.0,0.0]}"
10_0_13,784.5138429714856,44,Pastizal Disperso,0.0,col5-v2-arg-level_1-FINAL,1995,"{""type"":""Point"",""coordinates"":[0.0,0.0]}"
10_0_14,14291.1123398669,45,Leñosas Dispersas,0.0,col5-v2-arg-level_1-FINAL,1995,"{""type"":""Point"",""coordinates"":[0.0,0.0]}"
10_0_15,44681.755146248644,57,Cultivos Simples,0.0,col5-v2-arg-level_1-FINAL,1995,"{""type"":""Point"",""coordinates"":[0.0,0.0]}"
10_0_16,2523.0959221820945,58,Cultivos Multiples,0.0,col5-v2-arg-level_1-FINAL,1995,"{""type"":""Point"",""coordinates"":[0.0,0.0]}"
11_0_0,351275.04912129865,3,Leñosas Cerradas,0.0,col5-v2-arg-level_1-FINAL,1996,"{""type"":""Point"",""coordinates"":[0.0,0.0]}"
11_0_1,74055.17796201223,4,Leñosas Abiertas,0.0,col5-v2-arg-level_1-FINAL,1996,"{""type"":""Point"",""coordinates"":[0.0,0.0]}"
11_0_2,20966.45769727298,6,Leñosas Inundables,0.0,col5-v2-arg-level_1-FINAL,1996,"{""type"":""Point"",""coordinates"":[0.0,0.0]}"
11_0_3,771.7512999079194,9,Leñosas Cultivadas,0.0,col5-v2-arg-level_1-FINAL,1996,"{""type"":""Point"",""coordinates"":[0.0,0.0]}"
11_0_4,67611.42152872334,11,Pastizal Inundable,0.0,col5-v2-arg-level_1-FINAL,1996,"{""type"":""Point"",""coordinates"":[0.0,0.0]}"
11_0_5,18328.04102376967,15,Pasturas,0.0,col5-v2-arg-level_1-FINAL,1996,"{""type"":""Point"",""coordinates"":[0.0,0.0]}"
11_0_6,427.41001362687973,23,Playa y Dunas,0.0,col5-v2-arg-level_1-FINAL,1996,"{""type"":""Point"",""coordinates"":[0.0,0.0]}"
11_0_7,1542.3593310341905,24,Infraestructura Urbana,0.0,col5-v2-arg-level_1-FINAL,1996,"{""type"":""Point"",""coordinates"":[0.0,0.0]}"
11_0_8,18.93769878754092,25,Otras Areas No Vegetadas,0.0,col5-v2-arg-level_1-FINAL,1996,"{""type"":""Point"",""coordinates"":[0.0,0.0]}"
11_0_9,7832.407699174511,26,Cuerpo de agua,0.0,col5-v2-arg-level_1-FINAL,1996,"{""type"":""Point"",""coordinates"":[0.0,0.0]}"
11_0_10,4926.38673110823,32,Salinas,0.0,col5-v2-arg-level_1-FINAL,1996,"{""type"":""Point"",""coordinates"":[0.0,0.0]}"
11_0_11,6570.642690388447,42,Pastizal Abierto,0.0,col5-v2-arg-level_1-FINAL,1996,"{""type"":""Point"",""coordinates"":[0.0,0.0]}"
11_0_12,32008.17956696361,43,Pastizal Cerrado,0.0,col5-v2-arg-level_1-FINAL,1996,"{""type"":""Point"",""coordinates"":[0.0,0.0]}"
11_0_13,783.6455760725183,44,Pastizal Disperso,0.0,col5-v2-arg-level_1-FINAL,1996,"{""type"":""Point"",""coordinates"":[0.0,0.0]}"
11_0_14,14838.444324692118,45,Leñosas Dispersas,0.0,col5-v2-arg-level_1-FINAL,1996,"{""type"":""Point"",""coordinates"":[0.0,0.0]}"
11_0_15,45311.32229881564,57,Cultivos Simples,0.0,col5-v2-arg-level_1-FINAL,1996,"{""type"":""Point"",""coordinates"":[0.0,0.0]}"
11_0_16,3865.0690837035495,58,Cultivos Multiples,0.0,col5-v2-arg-level_1-FINAL,1996,"{""type"":""Point"",""coordinates"":[0.0,0.0]}"
12_0_0,350222.4036711507,3,Leñosas Cerradas,0.0,col5-v2-arg-level_1-FINAL,1997,"{""type"":""Point"",""coordinates"":[0.0,0.0]}"
12_0_1,75608.15723225735,4,Leñosas Abiertas,0.0,col5-v2-arg-level_1-FINAL,1997,"{""type"":""Point"",""coordinates"":[0.0,0.0]}"
12_0_2,19805.889976448958,6,Leñosas Inundables,0.0,col5-v2-arg-level_1-FINAL,1997,"{""type"":""Point"",""coordinates"":[0.0,0.0]}"
12_0_3,718.2767082005024,9,Leñosas Cultivadas,0.0,col5-v2-arg-level_1-FINAL,1997,"{""type"":""Point"",""coordinates"":[0.0,0.0]}"
12_0_4,66952.37092891944,11,Pastizal Inundable,0.0,col5-v2-arg-level_1-FINAL,1997,"{""type"":""Point"",""coordinates"":[0.0,0.0]}"
12_0_5,16081.10625439259,15,Pasturas,0.0,col5-v2-arg-level_1-FINAL,1997,"{""type"":""Point"",""coordinates"":[0.0,0.0]}"
12_0_6,388.49431208959555,23,Playa y Dunas,0.0,col5-v2-arg-level_1-FINAL,1997,"{""type"":""Point"",""coordinates"":[0.0,0.0]}"
12_0_7,1538.7774785670765,24,Infraestructura Urbana,0.0,col5-v2-arg-level_1-FINAL,1997,"{""type"":""Point"",""coordinates"":[0.0,0.0]}"
12_0_8,19.08921830429642,25,Otras Areas No Vegetadas,0.0,col5-v2-arg-level_1-FINAL,1997,"{""type"":""Point"",""coordinates"":[0.0,0.0]}"
12_0_9,7856.358584005573,26,Cuerpo de agua,0.0,col5-v2-arg-level_1-FINAL,1997,"{""type"":""Point"",""coordinates"":[0.0,0.0]}"
12_0_10,4735.677362724998,32,Salinas,0.0,col5-v2-arg-level_1-FINAL,1997,"{""type"":""Point"",""coordinates"":[0.0,0.0]}"
12_0_11,6436.523618787822,42,Pastizal Abierto,0.0,col5-v2-arg-level_1-FINAL,1997,"{""type"":""Point"",""coordinates"":[0.0,0.0]}"
12_0_12,33391.56285984879,43,Pastizal Cerrado,0.0,col5-v2-arg-level_1-FINAL,1997,"{""type"":""Point"",""coordinates"":[0.0,0.0]}"
12_0_13,769.4918281633012,44,Pastizal Disperso,0.0,col5-v2-arg-level_1-FINAL,1997,"{""type"":""Point"",""coordinates"":[0.0,0.0]}"
12_0_14,14808.492550562423,45,Leñosas Dispersas,0.0,col5-v2-arg-level_1-FINAL,1997,"{""type"":""Point"",""coordinates"":[0.0,0.0]}"
12_0_15,49839.47501340051,57,Cultivos Simples,0.0,col5-v2-arg-level_1-FINAL,1997,"{""type"":""Point"",""coordinates"":[0.0,0.0]}"
12_0_16,1960.5560495285158,58,Cultivos Multiples,0.0,col5-v2-arg-level_1-FINAL,1997,"{""type"":""Point"",""coordinates"":[0.0,0.0]}"
13_0_0,349082.88269025646,3,Leñosas Cerradas,0.0,col5-v2-arg-level_1-FINAL,1998,"{""type"":""Point"",""coordinates"":[0.0,0.0]}"
13_0_1,73945.42253070451,4,Leñosas Abiertas,0.0,col5-v2-arg-level_1-FINAL,1998,"{""type"":""Point"",""coordinates"":[0.0,0.0]}"
13_0_2,21212.866900379533,6,Leñosas Inundables,0.0,col5-v2-arg-level_1-FINAL,1998,"{""type"":""Point"",""coordinates"":[0.0,0.0]}"
13_0_3,782.5221536355004,9,Leñosas Cultivadas,0.0,col5-v2-arg-level_1-FINAL,1998,"{""type"":""Point"",""coordinates"":[0.0,0.0]}"
13_0_4,67815.58323701461,11,Pastizal Inundable,0.0,col5-v2-arg-level_1-FINAL,1998,"{""type"":""Point"",""coordinates"":[0.0,0.0]}"
13_0_5,15520.340106716842,15,Pasturas,0.0,col5-v2-arg-level_1-FINAL,1998,"{""type"":""Point"",""coordinates"":[0.0,0.0]}"
13_0_6,333.2901687734966,23,Playa y Dunas,0.0,col5-v2-arg-level_1-FINAL,1998,"{""type"":""Point"",""coordinates"":[0.0,0.0]}"
13_0_7,1538.9256521555299,24,Infraestructura Urbana,0.0,col5-v2-arg-level_1-FINAL,1998,"{""type"":""Point"",""coordinates"":[0.0,0.0]}"
13_0_8,27.786450561210696,25,Otras Areas No Vegetadas,0.0,col5-v2-arg-level_1-FINAL,1998,"{""type"":""Point"",""coordinates"":[0.0,0.0]}"
13_0_9,7837.507053146177,26,Cuerpo de agua,0.0,col5-v2-arg-level_1-FINAL,1998,"{""type"":""Point"",""coordinates"":[0.0,0.0]}"
13_0_10,4813.870627393294,32,Salinas,0.0,col5-v2-arg-level_1-FINAL,1998,"{""type"":""Point"",""coordinates"":[0.0,0.0]}"
13_0_11,6484.160310997813,42,Pastizal Abierto,0.0,col5-v2-arg-level_1-FINAL,1998,"{""type"":""Point"",""coordinates"":[0.0,0.0]}"
13_0_12,32493.752980343972,43,Pastizal Cerrado,0.0,col5-v2-arg-level_1-FINAL,1998,"{""type"":""Point"",""coordinates"":[0.0,0.0]}"
13_0_13,774.6466560265618,44,Pastizal Disperso,0.0,col5-v2-arg-level_1-FINAL,1998,"{""type"":""Point"",""coordinates"":[0.0,0.0]}"
13_0_14,14920.128503145423,45,Leñosas Dispersas,0.0,col5-v2-arg-level_1-FINAL,1998,"{""type"":""Point"",""coordinates"":[0.0,0.0]}"
13_0_15,52893.79647596092,57,Cultivos Simples,0.0,col5-v2-arg-level_1-FINAL,1998,"{""type"":""Point"",""coordinates"":[0.0,0.0]}"
13_0_16,655.2211501390738,58,Cultivos Multiples,0.0,col5-v2-arg-level_1-FINAL,1998,"{""type"":""Point"",""coordinates"":[0.0,0.0]}"
14_0_0,345674.77155892,3,Leñosas Cerradas,0.0,col5-v2-arg-level_1-FINAL,1999,"{""type"":""Point"",""coordinates"":[0.0,0.0]}"
14_0_1,74462.5907583028,4,Leñosas Abiertas,0.0,col5-v2-arg-level_1-FINAL,1999,"{""type"":""Point"",""coordinates"":[0.0,0.0]}"
14_0_2,21532.032347612014,6,Leñosas Inundables,0.0,col5-v2-arg-level_1-FINAL,1999,"{""type"":""Point"",""coordinates"":[0.0,0.0]}"
14_0_3,782.2191066802318,9,Leñosas Cultivadas,0.0,col5-v2-arg-level_1-FINAL,1999,"{""type"":""Point"",""coordinates"":[0.0,0.0]}"
14_0_4,67769.6587576635,11,Pastizal Inundable,0.0,col5-v2-arg-level_1-FINAL,1999,"{""type"":""Point"",""coordinates"":[0.0,0.0]}"
14_0_5,18332.171934898724,15,Pasturas,0.0,col5-v2-arg-level_1-FINAL,1999,"{""type"":""Point"",""coordinates"":[0.0,0.0]}"
14_0_6,299.68738042900344,23,Playa y Dunas,0.0,col5-v2-arg-level_1-FINAL,1999,"{""type"":""Point"",""coordinates"":[0.0,0.0]}"
14_0_7,1544.5860167140124,24,Infraestructura Urbana,0.0,col5-v2-arg-level_1-FINAL,1999,"{""type"":""Point"",""coordinates"":[0.0,0.0]}"
14_0_8,72.71881978535565,25,Otras Areas No Vegetadas,0.0,col5-v2-arg-level_1-FINAL,1999,"{""type"":""Point"",""coordinates"":[0.0,0.0]}"
14_0_9,8123.0545545135665,26,Cuerpo de agua,0.0,col5-v2-arg-level_1-FINAL,1999,"{""type"":""Point"",""coordinates"":[0.0,0.0]}"
14_0_10,4948.786800771101,32,Salinas,0.0,col5-v2-arg-level_1-FINAL,1999,"{""type"":""Point"",""coordinates"":[0.0,0.0]}"
14_0_11,6553.9185137961185,42,Pastizal Abierto,0.0,col5-v2-arg-level_1-FINAL,1999,"{""type"":""Point"",""coordinates"":[0.0,0.0]}"
14_0_12,31477.30620370731,43,Pastizal Cerrado,0.0,col5-v2-arg-level_1-FINAL,1999,"{""type"":""Point"",""coordinates"":[0.0,0.0]}"
14_0_13,772.5293491718215,44,Pastizal Disperso,0.0,col5-v2-arg-level_1-FINAL,1999,"{""type"":""Point"",""coordinates"":[0.0,0.0]}"
14_0_14,14801.753788464954,45,Leñosas Dispersas,0.0,col5-v2-arg-level_1-FINAL,1999,"{""type"":""Point"",""coordinates"":[0.0,0.0]}"
14_0_15,43541.54850525029,57,Cultivos Simples,0.0,col5-v2-arg-level_1-FINAL,1999,"{""type"":""Point"",""coordinates"":[0.0,0.0]}"
14_0_16,10443.36925067372,58,Cultivos Multiples,0.0,col5-v2-arg-level_1-FINAL,1999,"{""type"":""Point"",""coordinates"":[0.0,0.0]}"
15_0_0,344273.0665390763,3,Leñosas Cerradas,0.0,col5-v2-arg-level_1-FINAL,2000,"{""type"":""Point"",""coordinates"":[0.0,0.0]}"
15_0_1,72157.23491505145,4,Leñosas Abiertas,0.0,col5-v2-arg-level_1-FINAL,2000,"{""type"":""Point"",""coordinates"":[0.0,0.0]}"
15_0_2,23937.440598339166,6,Leñosas Inundables,0.0,col5-v2-arg-level_1-FINAL,2000,"{""type"":""Point"",""coordinates"":[0.0,0.0]}"
15_0_3,780.821816080085,9,Leñosas Cultivadas,0.0,col5-v2-arg-level_1-FINAL,2000,"{""type"":""Point"",""coordinates"":[0.0,0.0]}"
15_0_4,66134.18045751203,11,Pastizal Inundable,0.0,col5-v2-arg-level_1-FINAL,2000,"{""type"":""Point"",""coordinates"":[0.0,0.0]}"
15_0_5,19429.397920657542,15,Pasturas,0.0,col5-v2-arg-level_1-FINAL,2000,"{""type"":""Point"",""coordinates"":[0.0,0.0]}"
15_0_6,356.9927185981606,23,Playa y Dunas,0.0,col5-v2-arg-level_1-FINAL,2000,"{""type"":""Point"",""coordinates"":[0.0,0.0]}"
15_0_7,1543.204032900915,24,Infraestructura Urbana,0.0,col5-v2-arg-level_1-FINAL,2000,"{""type"":""Point"",""coordinates"":[0.0,0.0]}"
15_0_8,62.011683223999626,25,Otras Areas No Vegetadas,0.0,col5-v2-arg-level_1-FINAL,2000,"{""type"":""Point"",""coordinates"":[0.0,0.0]}"
15_0_9,8025.67793880292,26,Cuerpo de agua,0.0,col5-v2-arg-level_1-FINAL,2000,"{""type"":""Point"",""coordinates"":[0.0,0.0]}"
15_0_10,5092.973591829677,32,Salinas,0.0,col5-v2-arg-level_1-FINAL,2000,"{""type"":""Point"",""coordinates"":[0.0,0.0]}"
15_0_11,6675.410737423727,42,Pastizal Abierto,0.0,col5-v2-arg-level_1-FINAL,2000,"{""type"":""Point"",""coordinates"":[0.0,0.0]}"
15_0_12,30946.716951354716,43,Pastizal Cerrado,0.0,col5-v2-arg-level_1-FINAL,2000,"{""type"":""Point"",""coordinates"":[0.0,0.0]}"
15_0_13,786.2733227043528,44,Pastizal Disperso,0.0,col5-v2-arg-level_1-FINAL,2000,"{""type"":""Point"",""coordinates"":[0.0,0.0]}"
15_0_14,14774.01522005998,45,Leñosas Dispersas,0.0,col5-v2-arg-level_1-FINAL,2000,"{""type"":""Point"",""coordinates"":[0.0,0.0]}"
15_0_15,46477.90392866498,57,Cultivos Simples,0.0,col5-v2-arg-level_1-FINAL,2000,"{""type"":""Point"",""coordinates"":[0.0,0.0]}"
15_0_16,9679.381275072288,58,Cultivos Multiples,0.0,col5-v2-arg-level_1-FINAL,2000,"{""type"":""Point"",""coordinates"":[0.0,0.0]}"
16_0_0,343690.93305102014,3,Leñosas Cerradas,0.0,col5-v2-arg-level_1-FINAL,2001,"{""type"":""Point"",""coordinates"":[0.0,0.0]}"
16_0_1,71267.4001609375,4,Leñosas Abiertas,0.0,col5-v2-arg-level_1-FINAL,2001,"{""type"":""Point"",""coordinates"":[0.0,0.0]}"
16_0_2,22048.827092196112,6,Leñosas Inundables,0.0,col5-v2-arg-level_1-FINAL,2001,"{""type"":""Point"",""coordinates"":[0.0,0.0]}"
16_0_3,875.584595733492,9,Leñosas Cultivadas,0.0,col5-v2-arg-level_1-FINAL,2001,"{""type"":""Point"",""coordinates"":[0.0,0.0]}"
16_0_4,67832.70177772791,11,Pastizal Inundable,0.0,col5-v2-arg-level_1-FINAL,2001,"{""type"":""Point"",""coordinates"":[0.0,0.0]}"
16_0_5,20296.981224196137,15,Pasturas,0.0,col5-v2-arg-level_1-FINAL,2001,"{""type"":""Point"",""coordinates"":[0.0,0.0]}"
16_0_6,391.7962111990256,23,Playa y Dunas,0.0,col5-v2-arg-level_1-FINAL,2001,"{""type"":""Point"",""coordinates"":[0.0,0.0]}"
16_0_7,1544.0794418373453,24,Infraestructura Urbana,0.0,col5-v2-arg-level_1-FINAL,2001,"{""type"":""Point"",""coordinates"":[0.0,0.0]}"
16_0_8,35.645548974816165,25,Otras Areas No Vegetadas,0.0,col5-v2-arg-level_1-FINAL,2001,"{""type"":""Point"",""coordinates"":[0.0,0.0]}"
16_0_9,7425.01257923267,26,Cuerpo de agua,0.0,col5-v2-arg-level_1-FINAL,2001,"{""type"":""Point"",""coordinates"":[0.0,0.0]}"
16_0_10,5102.292524834872,32,Salinas,0.0,col5-v2-arg-level_1-FINAL,2001,"{""type"":""Point"",""coordinates"":[0.0,0.0]}"
16_0_11,6728.343575916231,42,Pastizal Abierto,0.0,col5-v2-arg-level_1-FINAL,2001,"{""type"":""Point"",""coordinates"":[0.0,0.0]}"
16_0_12,31285.435171698515,43,Pastizal Cerrado,0.0,col5-v2-arg-level_1-FINAL,2001,"{""type"":""Point"",""coordinates"":[0.0,0.0]}"
16_0_13,765.9279492934413,44,Pastizal Disperso,0.0,col5-v2-arg-level_1-FINAL,2001,"{""type"":""Point"",""coordinates"":[0.0,0.0]}"
16_0_14,14672.116338014896,45,Leñosas Dispersas,0.0,col5-v2-arg-level_1-FINAL,2001,"{""type"":""Point"",""coordinates"":[0.0,0.0]}"
16_0_15,39291.039154249025,57,Cultivos Simples,0.0,col5-v2-arg-level_1-FINAL,2001,"{""type"":""Point"",""coordinates"":[0.0,0.0]}"
16_0_16,17878.587250295463,58,Cultivos Multiples,0.0,col5-v2-arg-level_1-FINAL,2001,"{""type"":""Point"",""coordinates"":[0.0,0.0]}"
17_0_0,341497.86642191623,3,Leñosas Cerradas,0.0,col5-v2-arg-level_1-FINAL,2002,"{""type"":""Point"",""coordinates"":[0.0,0.0]}"
17_0_1,70871.7963889583,4,Leñosas Abiertas,0.0,col5-v2-arg-level_1-FINAL,2002,"{""type"":""Point"",""coordinates"":[0.0,0.0]}"
17_0_2,21983.2423274634,6,Leñosas Inundables,0.0,col5-v2-arg-level_1-FINAL,2002,"{""type"":""Point"",""coordinates"":[0.0,0.0]}"
17_0_3,884.4901298479655,9,Leñosas Cultivadas,0.0,col5-v2-arg-level_1-FINAL,2002,"{""type"":""Point"",""coordinates"":[0.0,0.0]}"
17_0_4,68937.27833037818,11,Pastizal Inundable,0.0,col5-v2-arg-level_1-FINAL,2002,"{""type"":""Point"",""coordinates"":[0.0,0.0]}"
17_0_5,19465.683809860227,15,Pasturas,0.0,col5-v2-arg-level_1-FINAL,2002,"{""type"":""Point"",""coordinates"":[0.0,0.0]}"
17_0_6,425.2507974936131,23,Playa y Dunas,0.0,col5-v2-arg-level_1-FINAL,2002,"{""type"":""Point"",""coordinates"":[0.0,0.0]}"
17_0_7,1543.9256066521905,24,Infraestructura Urbana,0.0,col5-v2-arg-level_1-FINAL,2002,"{""type"":""Point"",""coordinates"":[0.0,0.0]}"
17_0_8,29.711444778036658,25,Otras Areas No Vegetadas,0.0,col5-v2-arg-level_1-FINAL,2002,"{""type"":""Point"",""coordinates"":[0.0,0.0]}"
17_0_9,7433.366027903638,26,Cuerpo de agua,0.0,col5-v2-arg-level_1-FINAL,2002,"{""type"":""Point"",""coordinates"":[0.0,0.0]}"
17_0_10,5141.533108904935,32,Salinas,0.0,col5-v2-arg-level_1-FINAL,2002,"{""type"":""Point"",""coordinates"":[0.0,0.0]}"
17_0_11,6846.351897638932,42,Pastizal Abierto,0.0,col5-v2-arg-level_1-FINAL,2002,"{""type"":""Point"",""coordinates"":[0.0,0.0]}"
17_0_12,30484.38281662389,43,Pastizal Cerrado,0.0,col5-v2-arg-level_1-FINAL,2002,"{""type"":""Point"",""coordinates"":[0.0,0.0]}"
17_0_13,761.0337659993596,44,Pastizal Disperso,0.0,col5-v2-arg-level_1-FINAL,2002,"{""type"":""Point"",""coordinates"":[0.0,0.0]}"
17_0_14,15059.348684822073,45,Leñosas Dispersas,0.0,col5-v2-arg-level_1-FINAL,2002,"{""type"":""Point"",""coordinates"":[0.0,0.0]}"
17_0_15,42220.9203287451,57,Cultivos Simples,0.0,col5-v2-arg-level_1-FINAL,2002,"{""type"":""Point"",""coordinates"":[0.0,0.0]}"
17_0_16,17546.521759369578,58,Cultivos Multiples,0.0,col5-v2-arg-level_1-FINAL,2002,"{""type"":""Point"",""coordinates"":[0.0,0.0]}"
18_0_0,338159.29431807,3,Leñosas Cerradas,0.0,col5-v2-arg-level_1-FINAL,2003,"{""type"":""Point"",""coordinates"":[0.0,0.0]}"
18_0_1,70984.13223338744,4,Leñosas Abiertas,0.0,col5-v2-arg-level_1-FINAL,2003,"{""type"":""Point"",""coordinates"":[0.0,0.0]}"
18_0_2,20835.746034156615,6,Leñosas Inundables,0.0,col5-v2-arg-level_1-FINAL,2003,"{""type"":""Point"",""coordinates"":[0.0,0.0]}"
18_0_3,1069.836254792606,9,Leñosas Cultivadas,0.0,col5-v2-arg-level_1-FINAL,2003,"{""type"":""Point"",""coordinates"":[0.0,0.0]}"
18_0_4,67421.8245759238,11,Pastizal Inundable,0.0,col5-v2-arg-level_1-FINAL,2003,"{""type"":""Point"",""coordinates"":[0.0,0.0]}"
18_0_5,19693.46672811882,15,Pasturas,0.0,col5-v2-arg-level_1-FINAL,2003,"{""type"":""Point"",""coordinates"":[0.0,0.0]}"
18_0_6,474.07694989923107,23,Playa y Dunas,0.0,col5-v2-arg-level_1-FINAL,2003,"{""type"":""Point"",""coordinates"":[0.0,0.0]}"
18_0_7,1544.7296412770147,24,Infraestructura Urbana,0.0,col5-v2-arg-level_1-FINAL,2003,"{""type"":""Point"",""coordinates"":[0.0,0.0]}"
18_0_8,26.366219214283188,25,Otras Areas No Vegetadas,0.0,col5-v2-arg-level_1-FINAL,2003,"{""type"":""Point"",""coordinates"":[0.0,0.0]}"
18_0_9,7456.411182134063,26,Cuerpo de agua,0.0,col5-v2-arg-level_1-FINAL,2003,"{""type"":""Point"",""coordinates"":[0.0,0.0]}"
18_0_10,5183.613566088101,32,Salinas,0.0,col5-v2-arg-level_1-FINAL,2003,"{""type"":""Point"",""coordinates"":[0.0,0.0]}"
18_0_11,6622.386939484445,42,Pastizal Abierto,0.0,col5-v2-arg-level_1-FINAL,2003,"{""type"":""Point"",""coordinates"":[0.0,0.0]}"
18_0_12,32065.67541633797,43,Pastizal Cerrado,0.0,col5-v2-arg-level_1-FINAL,2003,"{""type"":""Point"",""coordinates"":[0.0,0.0]}"
18_0_13,796.8412573835001,44,Pastizal Disperso,0.0,col5-v2-arg-level_1-FINAL,2003,"{""type"":""Point"",""coordinates"":[0.0,0.0]}"
18_0_14,15320.33539243236,45,Leñosas Dispersas,0.0,col5-v2-arg-level_1-FINAL,2003,"{""type"":""Point"",""coordinates"":[0.0,0.0]}"
18_0_15,41291.52461811506,57,Cultivos Simples,0.0,col5-v2-arg-level_1-FINAL,2003,"{""type"":""Point"",""coordinates"":[0.0,0.0]}"
18_0_16,22186.442320547187,58,Cultivos Multiples,0.0,col5-v2-arg-level_1-FINAL,2003,"{""type"":""Point"",""coordinates"":[0.0,0.0]}"
19_0_0,334271.43202233943,3,Leñosas Cerradas,0.0,col5-v2-arg-level_1-FINAL,2004,"{""type"":""Point"",""coordinates"":[0.0,0.0]}"
19_0_1,71918.23963515965,4,Leñosas Abiertas,0.0,col5-v2-arg-level_1-FINAL,2004,"{""type"":""Point"",""coordinates"":[0.0,0.0]}"
19_0_2,21786.50567272776,6,Leñosas Inundables,0.0,col5-v2-arg-level_1-FINAL,2004,"{""type"":""Point"",""coordinates"":[0.0,0.0]}"
19_0_3,935.8605801960323,9,Leñosas Cultivadas,0.0,col5-v2-arg-level_1-FINAL,2004,"{""type"":""Point"",""coordinates"":[0.0,0.0]}"
19_0_4,67081.05108844528,11,Pastizal Inundable,0.0,col5-v2-arg-level_1-FINAL,2004,"{""type"":""Point"",""coordinates"":[0.0,0.0]}"
19_0_5,22780.96423092939,15,Pasturas,0.0,col5-v2-arg-level_1-FINAL,2004,"{""type"":""Point"",""coordinates"":[0.0,0.0]}"
19_0_6,466.524961098072,23,Playa y Dunas,0.0,col5-v2-arg-level_1-FINAL,2004,"{""type"":""Point"",""coordinates"":[0.0,0.0]}"
19_0_7,1542.7120026320317,24,Infraestructura Urbana,0.0,col5-v2-arg-level_1-FINAL,2004,"{""type"":""Point"",""coordinates"":[0.0,0.0]}"
19_0_8,23.7206112460842,25,Otras Areas No Vegetadas,0.0,col5-v2-arg-level_1-FINAL,2004,"{""type"":""Point"",""coordinates"":[0.0,0.0]}"
19_0_9,7134.000637390923,26,Cuerpo de agua,0.0,col5-v2-arg-level_1-FINAL,2004,"{""type"":""Point"",""coordinates"":[0.0,0.0]}"
19_0_10,5198.403774004748,32,Salinas,0.0,col5-v2-arg-level_1-FINAL,2004,"{""type"":""Point"",""coordinates"":[0.0,0.0]}"
19_0_11,6645.870578515373,42,Pastizal Abierto,0.0,col5-v2-arg-level_1-FINAL,2004,"{""type"":""Point"",""coordinates"":[0.0,0.0]}"
19_0_12,31412.807807312456,43,Pastizal Cerrado,0.0,col5-v2-arg-level_1-FINAL,2004,"{""type"":""Point"",""coordinates"":[0.0,0.0]}"
19_0_13,823.6048110507484,44,Pastizal Disperso,0.0,col5-v2-arg-level_1-FINAL,2004,"{""type"":""Point"",""coordinates"":[0.0,0.0]}"
19_0_14,15274.992597242868,45,Leñosas Dispersas,0.0,col5-v2-arg-level_1-FINAL,2004,"{""type"":""Point"",""coordinates"":[0.0,0.0]}"
19_0_15,47979.33529082619,57,Cultivos Simples,0.0,col5-v2-arg-level_1-FINAL,2004,"{""type"":""Point"",""coordinates"":[0.0,0.0]}"
19_0_16,15856.677346241155,58,Cultivos Multiples,0.0,col5-v2-arg-level_1-FINAL,2004,"{""type"":""Point"",""coordinates"":[0.0,0.0]}"
20_0_0,330543.99875596777,3,Leñosas Cerradas,0.0,col5-v2-arg-level_1-FINAL,2005,"{""type"":""Point"",""coordinates"":[0.0,0.0]}"
20_0_1,71372.94230003041,4,Leñosas Abiertas,0.0,col5-v2-arg-level_1-FINAL,2005,"{""type"":""Point"",""coordinates"":[0.0,0.0]}"
20_0_2,22488.787157178736,6,Leñosas Inundables,0.0,col5-v2-arg-level_1-FINAL,2005,"{""type"":""Point"",""coordinates"":[0.0,0.0]}"
20_0_3,2034.346711762188,9,Leñosas Cultivadas,0.0,col5-v2-arg-level_1-FINAL,2005,"{""type"":""Point"",""coordinates"":[0.0,0.0]}"
20_0_4,64970.392747161415,11,Pastizal Inundable,0.0,col5-v2-arg-level_1-FINAL,2005,"{""type"":""Point"",""coordinates"":[0.0,0.0]}"
20_0_5,24515.43126073519,15,Pasturas,0.0,col5-v2-arg-level_1-FINAL,2005,"{""type"":""Point"",""coordinates"":[0.0,0.0]}"
20_0_6,452.7381634945874,23,Playa y Dunas,0.0,col5-v2-arg-level_1-FINAL,2005,"{""type"":""Point"",""coordinates"":[0.0,0.0]}"
20_0_7,1543.3158520456923,24,Infraestructura Urbana,0.0,col5-v2-arg-level_1-FINAL,2005,"{""type"":""Point"",""coordinates"":[0.0,0.0]}"
20_0_8,353.85061003554483,25,Otras Areas No Vegetadas,0.0,col5-v2-arg-level_1-FINAL,2005,"{""type"":""Point"",""coordinates"":[0.0,0.0]}"
20_0_9,6881.707259370026,26,Cuerpo de agua,0.0,col5-v2-arg-level_1-FINAL,2005,"{""type"":""Point"",""coordinates"":[0.0,0.0]}"
20_0_10,5247.643510861744,32,Salinas,0.0,col5-v2-arg-level_1-FINAL,2005,"{""type"":""Point"",""coordinates"":[0.0,0.0]}"
20_0_11,6796.65827976806,42,Pastizal Abierto,0.0,col5-v2-arg-level_1-FINAL,2005,"{""type"":""Point"",""coordinates"":[0.0,0.0]}"
20_0_12,31313.004374144886,43,Pastizal Cerrado,0.0,col5-v2-arg-level_1-FINAL,2005,"{""type"":""Point"",""coordinates"":[0.0,0.0]}"
20_0_13,968.0781420141508,44,Pastizal Disperso,0.0,col5-v2-arg-level_1-FINAL,2005,"{""type"":""Point"",""coordinates"":[0.0,0.0]}"
20_0_14,14535.284568864865,45,Leñosas Dispersas,0.0,col5-v2-arg-level_1-FINAL,2005,"{""type"":""Point"",""coordinates"":[0.0,0.0]}"
20_0_15,54841.28844606992,57,Cultivos Simples,0.0,col5-v2-arg-level_1-FINAL,2005,"{""type"":""Point"",""coordinates"":[0.0,0.0]}"
20_0_16,12273.235507851263,58,Cultivos Multiples,0.0,col5-v2-arg-level_1-FINAL,2005,"{""type"":""Point"",""coordinates"":[0.0,0.0]}"
21_0_0,328741.2732325475,3,Leñosas Cerradas,0.0,col5-v2-arg-level_1-FINAL,2006,"{""type"":""Point"",""coordinates"":[0.0,0.0]}"
21_0_1,70827.71733244488,4,Leñosas Abiertas,0.0,col5-v2-arg-level_1-FINAL,2006,"{""type"":""Point"",""coordinates"":[0.0,0.0]}"
21_0_2,22196.877292268342,6,Leñosas Inundables,0.0,col5-v2-arg-level_1-FINAL,2006,"{""type"":""Point"",""coordinates"":[0.0,0.0]}"
21_0_3,1436.5649656638973,9,Leñosas Cultivadas,0.0,col5-v2-arg-level_1-FINAL,2006,"{""type"":""Point"",""coordinates"":[0.0,0.0]}"
21_0_4,63822.86680391769,11,Pastizal Inundable,0.0,col5-v2-arg-level_1-FINAL,2006,"{""type"":""Point"",""coordinates"":[0.0,0.0]}"
21_0_5,25401.97043856809,15,Pasturas,0.0,col5-v2-arg-level_1-FINAL,2006,"{""type"":""Point"",""coordinates"":[0.0,0.0]}"
21_0_6,403.9322068307182,23,Playa y Dunas,0.0,col5-v2-arg-level_1-FINAL,2006,"{""type"":""Point"",""coordinates"":[0.0,0.0]}"
21_0_7,1543.3966215970045,24,Infraestructura Urbana,0.0,col5-v2-arg-level_1-FINAL,2006,"{""type"":""Point"",""coordinates"":[0.0,0.0]}"
21_0_8,341.49214309662784,25,Otras Areas No Vegetadas,0.0,col5-v2-arg-level_1-FINAL,2006,"{""type"":""Point"",""coordinates"":[0.0,0.0]}"
21_0_9,7433.028457030847,26,Cuerpo de agua,0.0,col5-v2-arg-level_1-FINAL,2006,"{""type"":""Point"",""coordinates"":[0.0,0.0]}"
21_0_10,5003.736063678495,32,Salinas,0.0,col5-v2-arg-level_1-FINAL,2006,"{""type"":""Point"",""coordinates"":[0.0,0.0]}"
21_0_11,7254.152216686427,42,Pastizal Abierto,0.0,col5-v2-arg-level_1-FINAL,2006,"{""type"":""Point"",""coordinates"":[0.0,0.0]}"
21_0_12,34285.81290675553,43,Pastizal Cerrado,0.0,col5-v2-arg-level_1-FINAL,2006,"{""type"":""Point"",""coordinates"":[0.0,0.0]}"
21_0_13,962.4206558862421,44,Pastizal Disperso,0.0,col5-v2-arg-level_1-FINAL,2006,"{""type"":""Point"",""coordinates"":[0.0,0.0]}"
21_0_14,14384.46930585072,45,Leñosas Dispersas,0.0,col5-v2-arg-level_1-FINAL,2006,"{""type"":""Point"",""coordinates"":[0.0,0.0]}"
21_0_15,50382.99509829051,57,Cultivos Simples,0.0,col5-v2-arg-level_1-FINAL,2006,"{""type"":""Point"",""coordinates"":[0.0,0.0]}"
21_0_16,16709.997906241857,58,Cultivos Multiples,0.0,col5-v2-arg-level_1-FINAL,2006,"{""type"":""Point"",""coordinates"":[0.0,0.0]}"
22_0_0,327000.7305057131,3,Leñosas Cerradas,0.0,col5-v2-arg-level_1-FINAL,2007,"{""type"":""Point"",""coordinates"":[0.0,0.0]}"
22_0_1,70158.63602138632,4,Leñosas Abiertas,0.0,col5-v2-arg-level_1-FINAL,2007,"{""type"":""Point"",""coordinates"":[0.0,0.0]}"
22_0_2,21133.034058278874,6,Leñosas Inundables,0.0,col5-v2-arg-level_1-FINAL,2007,"{""type"":""Point"",""coordinates"":[0.0,0.0]}"
22_0_3,1306.8347804844632,9,Leñosas Cultivadas,0.0,col5-v2-arg-level_1-FINAL,2007,"{""type"":""Point"",""coordinates"":[0.0,0.0]}"
22_0_4,63644.08178105997,11,Pastizal Inundable,0.0,col5-v2-arg-level_1-FINAL,2007,"{""type"":""Point"",""coordinates"":[0.0,0.0]}"
22_0_5,27211.34954858432,15,Pasturas,0.0,col5-v2-arg-level_1-FINAL,2007,"{""type"":""Point"",""coordinates"":[0.0,0.0]}"
22_0_6,378.8505413028383,23,Playa y Dunas,0.0,col5-v2-arg-level_1-FINAL,2007,"{""type"":""Point"",""coordinates"":[0.0,0.0]}"
22_0_7,1543.1588145392684,24,Infraestructura Urbana,0.0,col5-v2-arg-level_1-FINAL,2007,"{""type"":""Point"",""coordinates"":[0.0,0.0]}"
22_0_8,307.9089192627895,25,Otras Areas No Vegetadas,0.0,col5-v2-arg-level_1-FINAL,2007,"{""type"":""Point"",""coordinates"":[0.0,0.0]}"
22_0_9,7247.672565187182,26,Cuerpo de agua,0.0,col5-v2-arg-level_1-FINAL,2007,"{""type"":""Point"",""coordinates"":[0.0,0.0]}"
22_0_10,4891.142443082878,32,Salinas,0.0,col5-v2-arg-level_1-FINAL,2007,"{""type"":""Point"",""coordinates"":[0.0,0.0]}"
22_0_11,7471.600247370159,42,Pastizal Abierto,0.0,col5-v2-arg-level_1-FINAL,2007,"{""type"":""Point"",""coordinates"":[0.0,0.0]}"
22_0_12,35628.86790479289,43,Pastizal Cerrado,0.0,col5-v2-arg-level_1-FINAL,2007,"{""type"":""Point"",""coordinates"":[0.0,0.0]}"
22_0_13,1016.7163567044374,44,Pastizal Disperso,0.0,col5-v2-arg-level_1-FINAL,2007,"{""type"":""Point"",""coordinates"":[0.0,0.0]}"
22_0_14,14219.180997547443,45,Leñosas Dispersas,0.0,col5-v2-arg-level_1-FINAL,2007,"{""type"":""Point"",""coordinates"":[0.0,0.0]}"
22_0_15,49720.1243082065,57,Cultivos Simples,0.0,col5-v2-arg-level_1-FINAL,2007,"{""type"":""Point"",""coordinates"":[0.0,0.0]}"
22_0_16,18252.81385385578,58,Cultivos Multiples,0.0,col5-v2-arg-level_1-FINAL,2007,"{""type"":""Point"",""coordinates"":[0.0,0.0]}"
23_0_0,322725.64886301383,3,Leñosas Cerradas,0.0,col5-v2-arg-level_1-FINAL,2008,"{""type"":""Point"",""coordinates"":[0.0,0.0]}"
23_0_1,70085.33416528351,4,Leñosas Abiertas,0.0,col5-v2-arg-level_1-FINAL,2008,"{""type"":""Point"",""coordinates"":[0.0,0.0]}"
23_0_2,21022.241138090485,6,Leñosas Inundables,0.0,col5-v2-arg-level_1-FINAL,2008,"{""type"":""Point"",""coordinates"":[0.0,0.0]}"
23_0_3,1428.0867515257326,9,Leñosas Cultivadas,0.0,col5-v2-arg-level_1-FINAL,2008,"{""type"":""Point"",""coordinates"":[0.0,0.0]}"
23_0_4,64889.11336770656,11,Pastizal Inundable,0.0,col5-v2-arg-level_1-FINAL,2008,"{""type"":""Point"",""coordinates"":[0.0,0.0]}"
23_0_5,28254.270935274155,15,Pasturas,0.0,col5-v2-arg-level_1-FINAL,2008,"{""type"":""Point"",""coordinates"":[0.0,0.0]}"
23_0_6,397.17224709439654,23,Playa y Dunas,0.0,col5-v2-arg-level_1-FINAL,2008,"{""type"":""Point"",""coordinates"":[0.0,0.0]}"
23_0_7,1541.7506025415055,24,Infraestructura Urbana,0.0,col5-v2-arg-level_1-FINAL,2008,"{""type"":""Point"",""coordinates"":[0.0,0.0]}"
23_0_8,317.9057232647135,25,Otras Areas No Vegetadas,0.0,col5-v2-arg-level_1-FINAL,2008,"{""type"":""Point"",""coordinates"":[0.0,0.0]}"
23_0_9,7565.784467956434,26,Cuerpo de agua,0.0,col5-v2-arg-level_1-FINAL,2008,"{""type"":""Point"",""coordinates"":[0.0,0.0]}"
23_0_10,4938.572351075968,32,Salinas,0.0,col5-v2-arg-level_1-FINAL,2008,"{""type"":""Point"",""coordinates"":[0.0,0.0]}"
23_0_11,6944.615989151308,42,Pastizal Abierto,0.0,col5-v2-arg-level_1-FINAL,2008,"{""type"":""Point"",""coordinates"":[0.0,0.0]}"
23_0_12,34555.60836456612,43,Pastizal Cerrado,0.0,col5-v2-arg-level_1-FINAL,2008,"{""type"":""Point"",""coordinates"":[0.0,0.0]}"
23_0_13,1094.0147753356648,44,Pastizal Disperso,0.0,col5-v2-arg-level_1-FINAL,2008,"{""type"":""Point"",""coordinates"":[0.0,0.0]}"
23_0_14,14232.447475359779,45,Leñosas Dispersas,0.0,col5-v2-arg-level_1-FINAL,2008,"{""type"":""Point"",""coordinates"":[0.0,0.0]}"
23_0_15,62711.990644892096,57,Cultivos Simples,0.0,col5-v2-arg-level_1-FINAL,2008,"{""type"":""Point"",""coordinates"":[0.0,0.0]}"
23_0_16,8428.145785223409,58,Cultivos Multiples,0.0,col5-v2-arg-level_1-FINAL,2008,"{""type"":""Point"",""coordinates"":[0.0,0.0]}"
24_0_0,320840.57279729133,3,Leñosas Cerradas,0.0,col5-v2-arg-level_1-FINAL,2009,"{""type"":""Point"",""coordinates"":[0.0,0.0]}"
24_0_1,69963.95882242857,4,Leñosas Abiertas,0.0,col5-v2-arg-level_1-FINAL,2009,"{""type"":""Point"",""coordinates"":[0.0,0.0]}"
24_0_2,21222.048140281273,6,Leñosas Inundables,0.0,col5-v2-arg-level_1-FINAL,2009,"{""type"":""Point"",""coordinates"":[0.0,0.0]}"
24_0_3,1292.5568944349532,9,Leñosas Cultivadas,0.0,col5-v2-arg-level_1-FINAL,2009,"{""type"":""Point"",""coordinates"":[0.0,0.0]}"
24_0_4,63358.17060633879,11,Pastizal Inundable,0.0,col5-v2-arg-level_1-FINAL,2009,"{""type"":""Point"",""coordinates"":[0.0,0.0]}"
24_0_5,30095.54403712474,15,Pasturas,0.0,col5-v2-arg-level_1-FINAL,2009,"{""type"":""Point"",""coordinates"":[0.0,0.0]}"
24_0_6,414.56671386573305,23,Playa y Dunas,0.0,col5-v2-arg-level_1-FINAL,2009,"{""type"":""Point"",""coordinates"":[0.0,0.0]}"
24_0_7,1541.9502656046836,24,Infraestructura Urbana,0.0,col5-v2-arg-level_1-FINAL,2009,"{""type"":""Point"",""coordinates"":[0.0,0.0]}"
24_0_8,329.1964548298572,25,Otras Areas No Vegetadas,0.0,col5-v2-arg-level_1-FINAL,2009,"{""type"":""Point"",""coordinates"":[0.0,0.0]}"
24_0_9,7086.655168737955,26,Cuerpo de agua,0.0,col5-v2-arg-level_1-FINAL,2009,"{""type"":""Point"",""coordinates"":[0.0,0.0]}"
24_0_10,5083.505715503384,32,Salinas,0.0,col5-v2-arg-level_1-FINAL,2009,"{""type"":""Point"",""coordinates"":[0.0,0.0]}"
24_0_11,6760.465754726452,42,Pastizal Abierto,0.0,col5-v2-arg-level_1-FINAL,2009,"{""type"":""Point"",""coordinates"":[0.0,0.0]}"
24_0_12,36182.7718882133,43,Pastizal Cerrado,0.0,col5-v2-arg-level_1-FINAL,2009,"{""type"":""Point"",""coordinates"":[0.0,0.0]}"
24_0_13,1048.9824460326256,44,Pastizal Disperso,0.0,col5-v2-arg-level_1-FINAL,2009,"{""type"":""Point"",""coordinates"":[0.0,0.0]}"
24_0_14,14583.732804926263,45,Leñosas Dispersas,0.0,col5-v2-arg-level_1-FINAL,2009,"{""type"":""Point"",""coordinates"":[0.0,0.0]}"
24_0_15,63994.955922111134,57,Cultivos Simples,0.0,col5-v2-arg-level_1-FINAL,2009,"{""type"":""Point"",""coordinates"":[0.0,0.0]}"
24_0_16,7333.0692149065,58,Cultivos Multiples,0.0,col5-v2-arg-level_1-FINAL,2009,"{""type"":""Point"",""coordinates"":[0.0,0.0]}"
25_0_0,319153.7594522559,3,Leñosas Cerradas,0.0,col5-v2-arg-level_1-FINAL,2010,"{""type"":""Point"",""coordinates"":[0.0,0.0]}"
25_0_1,69018.47540002406,4,Leñosas Abiertas,0.0,col5-v2-arg-level_1-FINAL,2010,"{""type"":""Point"",""coordinates"":[0.0,0.0]}"
25_0_2,20905.473814806825,6,Leñosas Inundables,0.0,col5-v2-arg-level_1-FINAL,2010,"{""type"":""Point"",""coordinates"":[0.0,0.0]}"
25_0_3,1313.7193118440737,9,Leñosas Cultivadas,0.0,col5-v2-arg-level_1-FINAL,2010,"{""type"":""Point"",""coordinates"":[0.0,0.0]}"
25_0_4,62954.05787374635,11,Pastizal Inundable,0.0,col5-v2-arg-level_1-FINAL,2010,"{""type"":""Point"",""coordinates"":[0.0,0.0]}"
25_0_5,29399.233570245764,15,Pasturas,0.0,col5-v2-arg-level_1-FINAL,2010,"{""type"":""Point"",""coordinates"":[0.0,0.0]}"
25_0_6,373.32479757641363,23,Playa y Dunas,0.0,col5-v2-arg-level_1-FINAL,2010,"{""type"":""Point"",""coordinates"":[0.0,0.0]}"
25_0_7,1541.8373649646321,24,Infraestructura Urbana,0.0,col5-v2-arg-level_1-FINAL,2010,"{""type"":""Point"",""coordinates"":[0.0,0.0]}"
25_0_8,308.73663541688995,25,Otras Areas No Vegetadas,0.0,col5-v2-arg-level_1-FINAL,2010,"{""type"":""Point"",""coordinates"":[0.0,0.0]}"
25_0_9,6680.483670438943,26,Cuerpo de agua,0.0,col5-v2-arg-level_1-FINAL,2010,"{""type"":""Point"",""coordinates"":[0.0,0.0]}"
25_0_10,5215.20067285924,32,Salinas,0.0,col5-v2-arg-level_1-FINAL,2010,"{""type"":""Point"",""coordinates"":[0.0,0.0]}"
25_0_11,6816.009274518068,42,Pastizal Abierto,0.0,col5-v2-arg-level_1-FINAL,2010,"{""type"":""Point"",""coordinates"":[0.0,0.0]}"
25_0_12,36428.60291694614,43,Pastizal Cerrado,0.0,col5-v2-arg-level_1-FINAL,2010,"{""type"":""Point"",""coordinates"":[0.0,0.0]}"
25_0_13,972.8311242257589,44,Pastizal Disperso,0.0,col5-v2-arg-level_1-FINAL,2010,"{""type"":""Point"",""coordinates"":[0.0,0.0]}"
25_0_14,14479.778184905737,45,Leñosas Dispersas,0.0,col5-v2-arg-level_1-FINAL,2010,"{""type"":""Point"",""coordinates"":[0.0,0.0]}"
25_0_15,69219.951712919,57,Cultivos Simples,0.0,col5-v2-arg-level_1-FINAL,2010,"{""type"":""Point"",""coordinates"":[0.0,0.0]}"
25_0_16,6351.227869661651,58,Cultivos Multiples,0.0,col5-v2-arg-level_1-FINAL,2010,"{""type"":""Point"",""coordinates"":[0.0,0.0]}"
26_0_0,317055.06776603946,3,Leñosas Cerradas,0.0,col5-v2-arg-level_1-FINAL,2011,"{""type"":""Point"",""coordinates"":[0.0,0.0]}"
26_0_1,69804.77103356039,4,Leñosas Abiertas,0.0,col5-v2-arg-level_1-FINAL,2011,"{""type"":""Point"",""coordinates"":[0.0,0.0]}"
26_0_2,20323.39361916712,6,Leñosas Inundables,0.0,col5-v2-arg-level_1-FINAL,2011,"{""type"":""Point"",""coordinates"":[0.0,0.0]}"
26_0_3,1362.2688052988444,9,Leñosas Cultivadas,0.0,col5-v2-arg-level_1-FINAL,2011,"{""type"":""Point"",""coordinates"":[0.0,0.0]}"
26_0_4,63909.5231050606,11,Pastizal Inundable,0.0,col5-v2-arg-level_1-FINAL,2011,"{""type"":""Point"",""coordinates"":[0.0,0.0]}"
26_0_5,26504.071797428125,15,Pasturas,0.0,col5-v2-arg-level_1-FINAL,2011,"{""type"":""Point"",""coordinates"":[0.0,0.0]}"
26_0_6,349.94804789705233,23,Playa y Dunas,0.0,col5-v2-arg-level_1-FINAL,2011,"{""type"":""Point"",""coordinates"":[0.0,0.0]}"
26_0_7,1543.2590750445565,24,Infraestructura Urbana,0.0,col5-v2-arg-level_1-FINAL,2011,"{""type"":""Point"",""coordinates"":[0.0,0.0]}"
26_0_8,372.44515338899134,25,Otras Areas No Vegetadas,0.0,col5-v2-arg-level_1-FINAL,2011,"{""type"":""Point"",""coordinates"":[0.0,0.0]}"
26_0_9,6525.6512882444085,26,Cuerpo de agua,0.0,col5-v2-arg-level_1-FINAL,2011,"{""type"":""Point"",""coordinates"":[0.0,0.0]}"
26_0_10,5112.83401520212,32,Salinas,0.0,col5-v2-arg-level_1-FINAL,2011,"{""type"":""Point"",""coordinates"":[0.0,0.0]}"
26_0_11,6750.326341629196,42,Pastizal Abierto,0.0,col5-v2-arg-level_1-FINAL,2011,"{""type"":""Point"",""coordinates"":[0.0,0.0]}"
26_0_12,34932.180101028054,43,Pastizal Cerrado,0.0,col5-v2-arg-level_1-FINAL,2011,"{""type"":""Point"",""coordinates"":[0.0,0.0]}"
26_0_13,944.3042499383789,44,Pastizal Disperso,0.0,col5-v2-arg-level_1-FINAL,2011,"{""type"":""Point"",""coordinates"":[0.0,0.0]}"
26_0_14,14525.5641688133,45,Leñosas Dispersas,0.0,col5-v2-arg-level_1-FINAL,2011,"{""type"":""Point"",""coordinates"":[0.0,0.0]}"
26_0_15,68233.35641898644,57,Cultivos Simples,0.0,col5-v2-arg-level_1-FINAL,2011,"{""type"":""Point"",""coordinates"":[0.0,0.0]}"
26_0_16,12883.738660630643,58,Cultivos Multiples,0.0,col5-v2-arg-level_1-FINAL,2011,"{""type"":""Point"",""coordinates"":[0.0,0.0]}"
27_0_0,312737.25472598115,3,Leñosas Cerradas,0.0,col5-v2-arg-level_1-FINAL,2012,"{""type"":""Point"",""coordinates"":[0.0,0.0]}"
27_0_1,69923.41002017436,4,Leñosas Abiertas,0.0,col5-v2-arg-level_1-FINAL,2012,"{""type"":""Point"",""coordinates"":[0.0,0.0]}"
27_0_2,20061.548129734256,6,Leñosas Inundables,0.0,col5-v2-arg-level_1-FINAL,2012,"{""type"":""Point"",""coordinates"":[0.0,0.0]}"
27_0_3,1346.7565156131452,9,Leñosas Cultivadas,0.0,col5-v2-arg-level_1-FINAL,2012,"{""type"":""Point"",""coordinates"":[0.0,0.0]}"
27_0_4,66968.87968301248,11,Pastizal Inundable,0.0,col5-v2-arg-level_1-FINAL,2012,"{""type"":""Point"",""coordinates"":[0.0,0.0]}"
27_0_5,27558.363765047532,15,Pasturas,0.0,col5-v2-arg-level_1-FINAL,2012,"{""type"":""Point"",""coordinates"":[0.0,0.0]}"
27_0_6,362.5828404350727,23,Playa y Dunas,0.0,col5-v2-arg-level_1-FINAL,2012,"{""type"":""Point"",""coordinates"":[0.0,0.0]}"
27_0_7,1545.5148280656522,24,Infraestructura Urbana,0.0,col5-v2-arg-level_1-FINAL,2012,"{""type"":""Point"",""coordinates"":[0.0,0.0]}"
27_0_8,316.9463074336603,25,Otras Areas No Vegetadas,0.0,col5-v2-arg-level_1-FINAL,2012,"{""type"":""Point"",""coordinates"":[0.0,0.0]}"
27_0_9,6250.66504942849,26,Cuerpo de agua,0.0,col5-v2-arg-level_1-FINAL,2012,"{""type"":""Point"",""coordinates"":[0.0,0.0]}"
27_0_10,4920.641495531681,32,Salinas,0.0,col5-v2-arg-level_1-FINAL,2012,"{""type"":""Point"",""coordinates"":[0.0,0.0]}"
27_0_11,7040.601718828741,42,Pastizal Abierto,0.0,col5-v2-arg-level_1-FINAL,2012,"{""type"":""Point"",""coordinates"":[0.0,0.0]}"
27_0_12,32956.45968733203,43,Pastizal Cerrado,0.0,col5-v2-arg-level_1-FINAL,2012,"{""type"":""Point"",""coordinates"":[0.0,0.0]}"
27_0_13,905.3284823877688,44,Pastizal Disperso,0.0,col5-v2-arg-level_1-FINAL,2012,"{""type"":""Point"",""coordinates"":[0.0,0.0]}"
27_0_14,14974.55539253343,45,Leñosas Dispersas,0.0,col5-v2-arg-level_1-FINAL,2012,"{""type"":""Point"",""coordinates"":[0.0,0.0]}"
27_0_15,70913.79270913798,57,Cultivos Simples,0.0,col5-v2-arg-level_1-FINAL,2012,"{""type"":""Point"",""coordinates"":[0.0,0.0]}"
27_0_16,12349.402296677228,58,Cultivos Multiples,0.0,col5-v2-arg-level_1-FINAL,2012,"{""type"":""Point"",""coordinates"":[0.0,0.0]}"
28_0_0,310782.6283379846,3,Leñosas Cerradas,0.0,col5-v2-arg-level_1-FINAL,2013,"{""type"":""Point"",""coordinates"":[0.0,0.0]}"
28_0_1,70025.8080153246,4,Leñosas Abiertas,0.0,col5-v2-arg-level_1-FINAL,2013,"{""type"":""Point"",""coordinates"":[0.0,0.0]}"
28_0_2,20191.315426673536,6,Leñosas Inundables,0.0,col5-v2-arg-level_1-FINAL,2013,"{""type"":""Point"",""coordinates"":[0.0,0.0]}"
28_0_3,1508.578977701845,9,Leñosas Cultivadas,0.0,col5-v2-arg-level_1-FINAL,2013,"{""type"":""Point"",""coordinates"":[0.0,0.0]}"
28_0_4,67036.41374309511,11,Pastizal Inundable,0.0,col5-v2-arg-level_1-FINAL,2013,"{""type"":""Point"",""coordinates"":[0.0,0.0]}"
28_0_5,29884.204435755928,15,Pasturas,0.0,col5-v2-arg-level_1-FINAL,2013,"{""type"":""Point"",""coordinates"":[0.0,0.0]}"
28_0_6,318.21654139438726,23,Playa y Dunas,0.0,col5-v2-arg-level_1-FINAL,2013,"{""type"":""Point"",""coordinates"":[0.0,0.0]}"
28_0_7,1544.5396098572878,24,Infraestructura Urbana,0.0,col5-v2-arg-level_1-FINAL,2013,"{""type"":""Point"",""coordinates"":[0.0,0.0]}"
28_0_8,176.96002123535044,25,Otras Areas No Vegetadas,0.0,col5-v2-arg-level_1-FINAL,2013,"{""type"":""Point"",""coordinates"":[0.0,0.0]}"
28_0_9,6423.133658175859,26,Cuerpo de agua,0.0,col5-v2-arg-level_1-FINAL,2013,"{""type"":""Point"",""coordinates"":[0.0,0.0]}"
28_0_10,4695.663985423185,32,Salinas,0.0,col5-v2-arg-level_1-FINAL,2013,"{""type"":""Point"",""coordinates"":[0.0,0.0]}"
28_0_11,6748.473682591817,42,Pastizal Abierto,0.0,col5-v2-arg-level_1-FINAL,2013,"{""type"":""Point"",""coordinates"":[0.0,0.0]}"
28_0_12,31631.53467618313,43,Pastizal Cerrado,0.0,col5-v2-arg-level_1-FINAL,2013,"{""type"":""Point"",""coordinates"":[0.0,0.0]}"
28_0_13,938.6758644409149,44,Pastizal Disperso,0.0,col5-v2-arg-level_1-FINAL,2013,"{""type"":""Point"",""coordinates"":[0.0,0.0]}"
28_0_14,15056.001127740215,45,Leñosas Dispersas,0.0,col5-v2-arg-level_1-FINAL,2013,"{""type"":""Point"",""coordinates"":[0.0,0.0]}"
28_0_15,74629.24094459142,57,Cultivos Simples,0.0,col5-v2-arg-level_1-FINAL,2013,"{""type"":""Point"",""coordinates"":[0.0,0.0]}"
28_0_16,9541.314599184503,58,Cultivos Multiples,0.0,col5-v2-arg-level_1-FINAL,2013,"{""type"":""Point"",""coordinates"":[0.0,0.0]}"
29_0_0,310655.25229365844,3,Leñosas Cerradas,0.0,col5-v2-arg-level_1-FINAL,2014,"{""type"":""Point"",""coordinates"":[0.0,0.0]}"
29_0_1,69382.75074099547,4,Leñosas Abiertas,0.0,col5-v2-arg-level_1-FINAL,2014,"{""type"":""Point"",""coordinates"":[0.0,0.0]}"
29_0_2,19334.938221813947,6,Leñosas Inundables,0.0,col5-v2-arg-level_1-FINAL,2014,"{""type"":""Point"",""coordinates"":[0.0,0.0]}"
29_0_3,1474.0594743273089,9,Leñosas Cultivadas,0.0,col5-v2-arg-level_1-FINAL,2014,"{""type"":""Point"",""coordinates"":[0.0,0.0]}"
29_0_4,66094.37912600428,11,Pastizal Inundable,0.0,col5-v2-arg-level_1-FINAL,2014,"{""type"":""Point"",""coordinates"":[0.0,0.0]}"
29_0_5,31589.651203569483,15,Pasturas,0.0,col5-v2-arg-level_1-FINAL,2014,"{""type"":""Point"",""coordinates"":[0.0,0.0]}"
29_0_6,326.52770780728093,23,Playa y Dunas,0.0,col5-v2-arg-level_1-FINAL,2014,"{""type"":""Point"",""coordinates"":[0.0,0.0]}"
29_0_7,1543.9111858688002,24,Infraestructura Urbana,0.0,col5-v2-arg-level_1-FINAL,2014,"{""type"":""Point"",""coordinates"":[0.0,0.0]}"
29_0_8,191.42079874758903,25,Otras Areas No Vegetadas,0.0,col5-v2-arg-level_1-FINAL,2014,"{""type"":""Point"",""coordinates"":[0.0,0.0]}"
29_0_9,6906.656319287213,26,Cuerpo de agua,0.0,col5-v2-arg-level_1-FINAL,2014,"{""type"":""Point"",""coordinates"":[0.0,0.0]}"
29_0_10,4732.115984315011,32,Salinas,0.0,col5-v2-arg-level_1-FINAL,2014,"{""type"":""Point"",""coordinates"":[0.0,0.0]}"
29_0_11,6754.960175538809,42,Pastizal Abierto,0.0,col5-v2-arg-level_1-FINAL,2014,"{""type"":""Point"",""coordinates"":[0.0,0.0]}"
29_0_12,32203.63962872604,43,Pastizal Cerrado,0.0,col5-v2-arg-level_1-FINAL,2014,"{""type"":""Point"",""coordinates"":[0.0,0.0]}"
29_0_13,891.6910736435464,44,Pastizal Disperso,0.0,col5-v2-arg-level_1-FINAL,2014,"{""type"":""Point"",""coordinates"":[0.0,0.0]}"
29_0_14,14789.830675990992,45,Leñosas Dispersas,0.0,col5-v2-arg-level_1-FINAL,2014,"{""type"":""Point"",""coordinates"":[0.0,0.0]}"
29_0_15,76604.53694823588,57,Cultivos Simples,0.0,col5-v2-arg-level_1-FINAL,2014,"{""type"":""Point"",""coordinates"":[0.0,0.0]}"
29_0_16,7656.382088828914,58,Cultivos Multiples,0.0,col5-v2-arg-level_1-FINAL,2014,"{""type"":""Point"",""coordinates"":[0.0,0.0]}"
30_0_0,310004.1069551051,3,Leñosas Cerradas,0.0,col5-v2-arg-level_1-FINAL,2015,"{""type"":""Point"",""coordinates"":[0.0,0.0]}"
30_0_1,69169.1989719635,4,Leñosas Abiertas,0.0,col5-v2-arg-level_1-FINAL,2015,"{""type"":""Point"",""coordinates"":[0.0,0.0]}"
30_0_2,18569.32389775906,6,Leñosas Inundables,0.0,col5-v2-arg-level_1-FINAL,2015,"{""type"":""Point"",""coordinates"":[0.0,0.0]}"
30_0_3,1666.3419899135008,9,Leñosas Cultivadas,0.0,col5-v2-arg-level_1-FINAL,2015,"{""type"":""Point"",""coordinates"":[0.0,0.0]}"
30_0_4,66322.6707221483,11,Pastizal Inundable,0.0,col5-v2-arg-level_1-FINAL,2015,"{""type"":""Point"",""coordinates"":[0.0,0.0]}"
30_0_5,33033.155467229706,15,Pasturas,0.0,col5-v2-arg-level_1-FINAL,2015,"{""type"":""Point"",""coordinates"":[0.0,0.0]}"
30_0_6,302.4922008489412,23,Playa y Dunas,0.0,col5-v2-arg-level_1-FINAL,2015,"{""type"":""Point"",""coordinates"":[0.0,0.0]}"
30_0_7,1543.3432130451213,24,Infraestructura Urbana,0.0,col5-v2-arg-level_1-FINAL,2015,"{""type"":""Point"",""coordinates"":[0.0,0.0]}"
30_0_8,333.1339524261033,25,Otras Areas No Vegetadas,0.0,col5-v2-arg-level_1-FINAL,2015,"{""type"":""Point"",""coordinates"":[0.0,0.0]}"
30_0_9,7243.585639447919,26,Cuerpo de agua,0.0,col5-v2-arg-level_1-FINAL,2015,"{""type"":""Point"",""coordinates"":[0.0,0.0]}"
30_0_10,4911.353631725807,32,Salinas,0.0,col5-v2-arg-level_1-FINAL,2015,"{""type"":""Point"",""coordinates"":[0.0,0.0]}"
30_0_11,6914.132205132152,42,Pastizal Abierto,0.0,col5-v2-arg-level_1-FINAL,2015,"{""type"":""Point"",""coordinates"":[0.0,0.0]}"
30_0_12,33056.22276354813,43,Pastizal Cerrado,0.0,col5-v2-arg-level_1-FINAL,2015,"{""type"":""Point"",""coordinates"":[0.0,0.0]}"
30_0_13,845.4310274001151,44,Pastizal Disperso,0.0,col5-v2-arg-level_1-FINAL,2015,"{""type"":""Point"",""coordinates"":[0.0,0.0]}"
30_0_14,14938.288117471178,45,Leñosas Dispersas,0.0,col5-v2-arg-level_1-FINAL,2015,"{""type"":""Point"",""coordinates"":[0.0,0.0]}"
30_0_15,59730.63278212382,57,Cultivos Simples,0.0,col5-v2-arg-level_1-FINAL,2015,"{""type"":""Point"",""coordinates"":[0.0,0.0]}"
30_0_16,22549.290110076246,58,Cultivos Multiples,0.0,col5-v2-arg-level_1-FINAL,2015,"{""type"":""Point"",""coordinates"":[0.0,0.0]}"
31_0_0,308198.1736339918,3,Leñosas Cerradas,0.0,col5-v2-arg-level_1-FINAL,2016,"{""type"":""Point"",""coordinates"":[0.0,0.0]}"
31_0_1,69840.64975841578,4,Leñosas Abiertas,0.0,col5-v2-arg-level_1-FINAL,2016,"{""type"":""Point"",""coordinates"":[0.0,0.0]}"
31_0_2,18835.420848998285,6,Leñosas Inundables,0.0,col5-v2-arg-level_1-FINAL,2016,"{""type"":""Point"",""coordinates"":[0.0,0.0]}"
31_0_3,1668.8110941267353,9,Leñosas Cultivadas,0.0,col5-v2-arg-level_1-FINAL,2016,"{""type"":""Point"",""coordinates"":[0.0,0.0]}"
31_0_4,66034.01795412364,11,Pastizal Inundable,0.0,col5-v2-arg-level_1-FINAL,2016,"{""type"":""Point"",""coordinates"":[0.0,0.0]}"
31_0_5,34096.85053278607,15,Pasturas,0.0,col5-v2-arg-level_1-FINAL,2016,"{""type"":""Point"",""coordinates"":[0.0,0.0]}"
31_0_6,311.220701422097,23,Playa y Dunas,0.0,col5-v2-arg-level_1-FINAL,2016,"{""type"":""Point"",""coordinates"":[0.0,0.0]}"
31_0_7,1544.021238443943,24,Infraestructura Urbana,0.0,col5-v2-arg-level_1-FINAL,2016,"{""type"":""Point"",""coordinates"":[0.0,0.0]}"
31_0_8,405.5318856859706,25,Otras Areas No Vegetadas,0.0,col5-v2-arg-level_1-FINAL,2016,"{""type"":""Point"",""coordinates"":[0.0,0.0]}"
31_0_9,7552.959301978479,26,Cuerpo de agua,0.0,col5-v2-arg-level_1-FINAL,2016,"{""type"":""Point"",""coordinates"":[0.0,0.0]}"
31_0_10,4761.488475947298,32,Salinas,0.0,col5-v2-arg-level_1-FINAL,2016,"{""type"":""Point"",""coordinates"":[0.0,0.0]}"
31_0_11,6968.172498898452,42,Pastizal Abierto,0.0,col5-v2-arg-level_1-FINAL,2016,"{""type"":""Point"",""coordinates"":[0.0,0.0]}"
31_0_12,32519.162401839105,43,Pastizal Cerrado,0.0,col5-v2-arg-level_1-FINAL,2016,"{""type"":""Point"",""coordinates"":[0.0,0.0]}"
31_0_13,821.6739642414085,44,Pastizal Disperso,0.0,col5-v2-arg-level_1-FINAL,2016,"{""type"":""Point"",""coordinates"":[0.0,0.0]}"
31_0_14,15169.840740812344,45,Leñosas Dispersas,0.0,col5-v2-arg-level_1-FINAL,2016,"{""type"":""Point"",""coordinates"":[0.0,0.0]}"
31_0_15,57633.632356104434,57,Cultivos Simples,0.0,col5-v2-arg-level_1-FINAL,2016,"{""type"":""Point"",""coordinates"":[0.0,0.0]}"
31_0_16,24771.076259543246,58,Cultivos Multiples,0.0,col5-v2-arg-level_1-FINAL,2016,"{""type"":""Point"",""coordinates"":[0.0,0.0]}"
32_0_0,307340.22329577623,3,Leñosas Cerradas,0.0,col5-v2-arg-level_1-FINAL,2017,"{""type"":""Point"",""coordinates"":[0.0,0.0]}"
32_0_1,68912.04248203043,4,Leñosas Abiertas,0.0,col5-v2-arg-level_1-FINAL,2017,"{""type"":""Point"",""coordinates"":[0.0,0.0]}"
32_0_2,18152.186128819325,6,Leñosas Inundables,0.0,col5-v2-arg-level_1-FINAL,2017,"{""type"":""Point"",""coordinates"":[0.0,0.0]}"
32_0_3,1706.4999328435313,9,Leñosas Cultivadas,0.0,col5-v2-arg-level_1-FINAL,2017,"{""type"":""Point"",""coordinates"":[0.0,0.0]}"
32_0_4,67825.77191944853,11,Pastizal Inundable,0.0,col5-v2-arg-level_1-FINAL,2017,"{""type"":""Point"",""coordinates"":[0.0,0.0]}"
32_0_5,33228.53253306801,15,Pasturas,0.0,col5-v2-arg-level_1-FINAL,2017,"{""type"":""Point"",""coordinates"":[0.0,0.0]}"
32_0_6,326.0282729373423,23,Playa y Dunas,0.0,col5-v2-arg-level_1-FINAL,2017,"{""type"":""Point"",""coordinates"":[0.0,0.0]}"
32_0_7,1542.7068722477827,24,Infraestructura Urbana,0.0,col5-v2-arg-level_1-FINAL,2017,"{""type"":""Point"",""coordinates"":[0.0,0.0]}"
32_0_8,300.60218758360344,25,Otras Areas No Vegetadas,0.0,col5-v2-arg-level_1-FINAL,2017,"{""type"":""Point"",""coordinates"":[0.0,0.0]}"
32_0_9,7664.410812468653,26,Cuerpo de agua,0.0,col5-v2-arg-level_1-FINAL,2017,"{""type"":""Point"",""coordinates"":[0.0,0.0]}"
32_0_10,4854.108273812962,32,Salinas,0.0,col5-v2-arg-level_1-FINAL,2017,"{""type"":""Point"",""coordinates"":[0.0,0.0]}"
32_0_11,7059.905170862827,42,Pastizal Abierto,0.0,col5-v2-arg-level_1-FINAL,2017,"{""type"":""Point"",""coordinates"":[0.0,0.0]}"
32_0_12,32121.073664471765,43,Pastizal Cerrado,0.0,col5-v2-arg-level_1-FINAL,2017,"{""type"":""Point"",""coordinates"":[0.0,0.0]}"
32_0_13,836.5150741708292,44,Pastizal Disperso,0.0,col5-v2-arg-level_1-FINAL,2017,"{""type"":""Point"",""coordinates"":[0.0,0.0]}"
32_0_14,15320.766289085132,45,Leñosas Dispersas,0.0,col5-v2-arg-level_1-FINAL,2017,"{""type"":""Point"",""coordinates"":[0.0,0.0]}"
32_0_15,65956.53059097109,57,Cultivos Simples,0.0,col5-v2-arg-level_1-FINAL,2017,"{""type"":""Point"",""coordinates"":[0.0,0.0]}"
32_0_16,17984.800146759168,58,Cultivos Multiples,0.0,col5-v2-arg-level_1-FINAL,2017,"{""type"":""Point"",""coordinates"":[0.0,0.0]}"
33_0_0,307072.45586651884,3,Leñosas Cerradas,0.0,col5-v2-arg-level_1-FINAL,2018,"{""type"":""Point"",""coordinates"":[0.0,0.0]}"
33_0_1,68537.04187476226,4,Leñosas Abiertas,0.0,col5-v2-arg-level_1-FINAL,2018,"{""type"":""Point"",""coordinates"":[0.0,0.0]}"
33_0_2,17570.820626540168,6,Leñosas Inundables,0.0,col5-v2-arg-level_1-FINAL,2018,"{""type"":""Point"",""coordinates"":[0.0,0.0]}"
33_0_3,1724.0192399094826,9,Leñosas Cultivadas,0.0,col5-v2-arg-level_1-FINAL,2018,"{""type"":""Point"",""coordinates"":[0.0,0.0]}"
33_0_4,67839.45473569098,11,Pastizal Inundable,0.0,col5-v2-arg-level_1-FINAL,2018,"{""type"":""Point"",""coordinates"":[0.0,0.0]}"
33_0_5,34260.025730825255,15,Pasturas,0.0,col5-v2-arg-level_1-FINAL,2018,"{""type"":""Point"",""coordinates"":[0.0,0.0]}"
33_0_6,347.5955231649819,23,Playa y Dunas,0.0,col5-v2-arg-level_1-FINAL,2018,"{""type"":""Point"",""coordinates"":[0.0,0.0]}"
33_0_7,1542.5802342969182,24,Infraestructura Urbana,0.0,col5-v2-arg-level_1-FINAL,2018,"{""type"":""Point"",""coordinates"":[0.0,0.0]}"
33_0_8,243.65389747080891,25,Otras Areas No Vegetadas,0.0,col5-v2-arg-level_1-FINAL,2018,"{""type"":""Point"",""coordinates"":[0.0,0.0]}"
33_0_9,7482.566783033912,26,Cuerpo de agua,0.0,col5-v2-arg-level_1-FINAL,2018,"{""type"":""Point"",""coordinates"":[0.0,0.0]}"
33_0_10,4811.320743618656,32,Salinas,0.0,col5-v2-arg-level_1-FINAL,2018,"{""type"":""Point"",""coordinates"":[0.0,0.0]}"
33_0_11,6997.213060467425,42,Pastizal Abierto,0.0,col5-v2-arg-level_1-FINAL,2018,"{""type"":""Point"",""coordinates"":[0.0,0.0]}"
33_0_12,32485.04816835459,43,Pastizal Cerrado,0.0,col5-v2-arg-level_1-FINAL,2018,"{""type"":""Point"",""coordinates"":[0.0,0.0]}"
33_0_13,847.8945857718282,44,Pastizal Disperso,0.0,col5-v2-arg-level_1-FINAL,2018,"{""type"":""Point"",""coordinates"":[0.0,0.0]}"
33_0_14,15336.48102364036,45,Leñosas Dispersas,0.0,col5-v2-arg-level_1-FINAL,2018,"{""type"":""Point"",""coordinates"":[0.0,0.0]}"
33_0_15,64938.736789483584,57,Cultivos Simples,0.0,col5-v2-arg-level_1-FINAL,2018,"{""type"":""Point"",""coordinates"":[0.0,0.0]}"
33_0_16,19095.794763806698,58,Cultivos Multiples,0.0,col5-v2-arg-level_1-FINAL,2018,"{""type"":""Point"",""coordinates"":[0.0,0.0]}"
34_0_0,304996.49570636917,3,Leñosas Cerradas,0.0,col5-v2-arg-level_1-FINAL,2019,"{""type"":""Point"",""coordinates"":[0.0,0.0]}"
34_0_1,68101.31845235717,4,Leñosas Abiertas,0.0,col5-v2-arg-level_1-FINAL,2019,"{""type"":""Point"",""coordinates"":[0.0,0.0]}"
34_0_2,17831.652943661047,6,Leñosas Inundables,0.0,col5-v2-arg-level_1-FINAL,2019,"{""type"":""Point"",""coordinates"":[0.0,0.0]}"
34_0_3,1746.3440859480258,9,Leñosas Cultivadas,0.0,col5-v2-arg-level_1-FINAL,2019,"{""type"":""Point"",""coordinates"":[0.0,0.0]}"
34_0_4,68015.0738579585,11,Pastizal Inundable,0.0,col5-v2-arg-level_1-FINAL,2019,"{""type"":""Point"",""coordinates"":[0.0,0.0]}"
34_0_5,35797.425984973575,15,Pasturas,0.0,col5-v2-arg-level_1-FINAL,2019,"{""type"":""Point"",""coordinates"":[0.0,0.0]}"
34_0_6,319.4389308279916,23,Playa y Dunas,0.0,col5-v2-arg-level_1-FINAL,2019,"{""type"":""Point"",""coordinates"":[0.0,0.0]}"
34_0_7,1542.9747656496947,24,Infraestructura Urbana,0.0,col5-v2-arg-level_1-FINAL,2019,"{""type"":""Point"",""coordinates"":[0.0,0.0]}"
34_0_8,377.89973686387685,25,Otras Areas No Vegetadas,0.0,col5-v2-arg-level_1-FINAL,2019,"{""type"":""Point"",""coordinates"":[0.0,0.0]}"
34_0_9,7653.017447642472,26,Cuerpo de agua,0.0,col5-v2-arg-level_1-FINAL,2019,"{""type"":""Point"",""coordinates"":[0.0,0.0]}"
34_0_10,4904.2618215690045,32,Salinas,0.0,col5-v2-arg-level_1-FINAL,2019,"{""type"":""Point"",""coordinates"":[0.0,0.0]}"
34_0_11,7082.783043824066,42,Pastizal Abierto,0.0,col5-v2-arg-level_1-FINAL,2019,"{""type"":""Point"",""coordinates"":[0.0,0.0]}"
34_0_12,32982.93552051197,43,Pastizal Cerrado,0.0,col5-v2-arg-level_1-FINAL,2019,"{""type"":""Point"",""coordinates"":[0.0,0.0]}"
34_0_13,826.4973513946308,44,Pastizal Disperso,0.0,col5-v2-arg-level_1-FINAL,2019,"{""type"":""Point"",""coordinates"":[0.0,0.0]}"
34_0_14,15190.041766188971,45,Leñosas Dispersas,0.0,col5-v2-arg-level_1-FINAL,2019,"{""type"":""Point"",""coordinates"":[0.0,0.0]}"
34_0_15,66944.87392277969,57,Cultivos Simples,0.0,col5-v2-arg-level_1-FINAL,2019,"{""type"":""Point"",""coordinates"":[0.0,0.0]}"
34_0_16,16819.668308833545,58,Cultivos Multiples,0.0,col5-v2-arg-level_1-FINAL,2019,"{""type"":""Point"",""coordinates"":[0.0,0.0]}"
35_0_0,301940.79770142277,3,Leñosas Cerradas,0.0,col5-v2-arg-level_1-FINAL,2020,"{""type"":""Point"",""coordinates"":[0.0,0.0]}"
35_0_1,68357.64959583423,4,Leñosas Abiertas,0.0,col5-v2-arg-level_1-FINAL,2020,"{""type"":""Point"",""coordinates"":[0.0,0.0]}"
35_0_2,18606.35085108377,6,Leñosas Inundables,0.0,col5-v2-arg-level_1-FINAL,2020,"{""type"":""Point"",""coordinates"":[0.0,0.0]}"
35_0_3,1822.5392930416522,9,Leñosas Cultivadas,0.0,col5-v2-arg-level_1-FINAL,2020,"{""type"":""Point"",""coordinates"":[0.0,0.0]}"
35_0_4,66097.41308316265,11,Pastizal Inundable,0.0,col5-v2-arg-level_1-FINAL,2020,"{""type"":""Point"",""coordinates"":[0.0,0.0]}"
35_0_5,36960.439683393335,15,Pasturas,0.0,col5-v2-arg-level_1-FINAL,2020,"{""type"":""Point"",""coordinates"":[0.0,0.0]}"
35_0_6,378.3469187461285,23,Playa y Dunas,0.0,col5-v2-arg-level_1-FINAL,2020,"{""type"":""Point"",""coordinates"":[0.0,0.0]}"
35_0_7,1544.6140822329728,24,Infraestructura Urbana,0.0,col5-v2-arg-level_1-FINAL,2020,"{""type"":""Point"",""coordinates"":[0.0,0.0]}"
35_0_8,471.21342651178475,25,Otras Areas No Vegetadas,0.0,col5-v2-arg-level_1-FINAL,2020,"{""type"":""Point"",""coordinates"":[0.0,0.0]}"
35_0_9,7417.801223489546,26,Cuerpo de agua,0.0,col5-v2-arg-level_1-FINAL,2020,"{""type"":""Point"",""coordinates"":[0.0,0.0]}"
35_0_10,5107.103389544034,32,Salinas,0.0,col5-v2-arg-level_1-FINAL,2020,"{""type"":""Point"",""coordinates"":[0.0,0.0]}"
35_0_11,7120.703366241291,42,Pastizal Abierto,0.0,col5-v2-arg-level_1-FINAL,2020,"{""type"":""Point"",""coordinates"":[0.0,0.0]}"
35_0_12,33542.299662678786,43,Pastizal Cerrado,0.0,col5-v2-arg-level_1-FINAL,2020,"{""type"":""Point"",""coordinates"":[0.0,0.0]}"
35_0_13,884.056190248477,44,Pastizal Disperso,0.0,col5-v2-arg-level_1-FINAL,2020,"{""type"":""Point"",""coordinates"":[0.0,0.0]}"
35_0_14,15088.017885219928,45,Leñosas Dispersas,0.0,col5-v2-arg-level_1-FINAL,2020,"{""type"":""Point"",""coordinates"":[0.0,0.0]}"
35_0_15,55193.23269540373,57,Cultivos Simples,0.0,col5-v2-arg-level_1-FINAL,2020,"{""type"":""Point"",""coordinates"":[0.0,0.0]}"
35_0_16,30600.124599102688,58,Cultivos Multiples,0.0,col5-v2-arg-level_1-FINAL,2020,"{""type"":""Point"",""coordinates"":[0.0,0.0]}"
36_0_0,296953.1036243214,3,Leñosas Cerradas,0.0,col5-v2-arg-level_1-FINAL,2021,"{""type"":""Point"",""coordinates"":[0.0,0.0]}"
36_0_1,74841.10633488822,4,Leñosas Abiertas,0.0,col5-v2-arg-level_1-FINAL,2021,"{""type"":""Point"",""coordinates"":[0.0,0.0]}"
36_0_2,18889.006514655648,6,Leñosas Inundables,0.0,col5-v2-arg-level_1-FINAL,2021,"{""type"":""Point"",""coordinates"":[0.0,0.0]}"
36_0_3,1778.6017257666308,9,Leñosas Cultivadas,0.0,col5-v2-arg-level_1-FINAL,2021,"{""type"":""Point"",""coordinates"":[0.0,0.0]}"
36_0_4,64683.9771051788,11,Pastizal Inundable,0.0,col5-v2-arg-level_1-FINAL,2021,"{""type"":""Point"",""coordinates"":[0.0,0.0]}"
36_0_5,35142.01260950817,15,Pasturas,0.0,col5-v2-arg-level_1-FINAL,2021,"{""type"":""Point"",""coordinates"":[0.0,0.0]}"
36_0_6,516.0587382696792,23,Playa y Dunas,0.0,col5-v2-arg-level_1-FINAL,2021,"{""type"":""Point"",""coordinates"":[0.0,0.0]}"
36_0_7,1545.251601717868,24,Infraestructura Urbana,0.0,col5-v2-arg-level_1-FINAL,2021,"{""type"":""Point"",""coordinates"":[0.0,0.0]}"
36_0_8,310.8593478444018,25,Otras Areas No Vegetadas,0.0,col5-v2-arg-level_1-FINAL,2021,"{""type"":""Point"",""coordinates"":[0.0,0.0]}"
36_0_9,6631.891937250483,26,Cuerpo de agua,0.0,col5-v2-arg-level_1-FINAL,2021,"{""type"":""Point"",""coordinates"":[0.0,0.0]}"
36_0_10,5301.595142582484,32,Salinas,0.0,col5-v2-arg-level_1-FINAL,2021,"{""type"":""Point"",""coordinates"":[0.0,0.0]}"
36_0_11,7238.865085647526,42,Pastizal Abierto,0.0,col5-v2-arg-level_1-FINAL,2021,"{""type"":""Point"",""coordinates"":[0.0,0.0]}"
36_0_12,34159.31630163143,43,Pastizal Cerrado,0.0,col5-v2-arg-level_1-FINAL,2021,"{""type"":""Point"",""coordinates"":[0.0,0.0]}"
36_0_13,1033.7217029970125,44,Pastizal Disperso,0.0,col5-v2-arg-level_1-FINAL,2021,"{""type"":""Point"",""coordinates"":[0.0,0.0]}"
36_0_14,15195.936015499028,45,Leñosas Dispersas,0.0,col5-v2-arg-level_1-FINAL,2021,"{""type"":""Point"",""coordinates"":[0.0,0.0]}"
36_0_15,75359.86665914522,57,Cultivos Simples,0.0,col5-v2-arg-level_1-FINAL,2021,"{""type"":""Point"",""coordinates"":[0.0,0.0]}"
36_0_16,11551.533200448059,58,Cultivos Multiples,0.0,col5-v2-arg-level_1-FINAL,2021,"{""type"":""Point"",""coordinates"":[0.0,0.0]}"
37_0_0,292983.8191149077,3,Leñosas Cerradas,0.0,col5-v2-arg-level_1-FINAL,2022,"{""type"":""Point"",""coordinates"":[0.0,0.0]}"
37_0_1,76283.71198449424,4,Leñosas Abiertas,0.0,col5-v2-arg-level_1-FINAL,2022,"{""type"":""Point"",""coordinates"":[0.0,0.0]}"
37_0_2,18993.71425598921,6,Leñosas Inundables,0.0,col5-v2-arg-level_1-FINAL,2022,"{""type"":""Point"",""coordinates"":[0.0,0.0]}"
37_0_3,1761.53206990895,9,Leñosas Cultivadas,0.0,col5-v2-arg-level_1-FINAL,2022,"{""type"":""Point"",""coordinates"":[0.0,0.0]}"
37_0_4,64979.2503842395,11,Pastizal Inundable,0.0,col5-v2-arg-level_1-FINAL,2022,"{""type"":""Point"",""coordinates"":[0.0,0.0]}"
37_0_5,35136.816216841195,15,Pasturas,0.0,col5-v2-arg-level_1-FINAL,2022,"{""type"":""Point"",""coordinates"":[0.0,0.0]}"
37_0_6,495.6383347946945,23,Playa y Dunas,0.0,col5-v2-arg-level_1-FINAL,2022,"{""type"":""Point"",""coordinates"":[0.0,0.0]}"
37_0_7,1538.9758063253832,24,Infraestructura Urbana,0.0,col5-v2-arg-level_1-FINAL,2022,"{""type"":""Point"",""coordinates"":[0.0,0.0]}"
37_0_8,406.7972643953821,25,Otras Areas No Vegetadas,0.0,col5-v2-arg-level_1-FINAL,2022,"{""type"":""Point"",""coordinates"":[0.0,0.0]}"
37_0_9,6109.303946665972,26,Cuerpo de agua,0.0,col5-v2-arg-level_1-FINAL,2022,"{""type"":""Point"",""coordinates"":[0.0,0.0]}"
37_0_10,5349.079049246922,32,Salinas,0.0,col5-v2-arg-level_1-FINAL,2022,"{""type"":""Point"",""coordinates"":[0.0,0.0]}"
37_0_11,7026.65649054326,42,Pastizal Abierto,0.0,col5-v2-arg-level_1-FINAL,2022,"{""type"":""Point"",""coordinates"":[0.0,0.0]}"
37_0_12,33716.781707629925,43,Pastizal Cerrado,0.0,col5-v2-arg-level_1-FINAL,2022,"{""type"":""Point"",""coordinates"":[0.0,0.0]}"
37_0_13,1048.7406495265568,44,Pastizal Disperso,0.0,col5-v2-arg-level_1-FINAL,2022,"{""type"":""Point"",""coordinates"":[0.0,0.0]}"
37_0_14,15298.49835135275,45,Leñosas Dispersas,0.0,col5-v2-arg-level_1-FINAL,2022,"{""type"":""Point"",""coordinates"":[0.0,0.0]}"
37_0_15,90003.38802048926,57,Cultivos Simples,0.0,col5-v2-arg-level_1-FINAL,2022,"{""type"":""Point"",""coordinates"":[0.0,0.0]}"
38_0_0,286439.7484682045,3,Leñosas Cerradas,0.0,col5-v2-arg-level_1-FINAL,2023,"{""type"":""Point"",""coordinates"":[0.0,0.0]}"
38_0_1,73832.45333972489,4,Leñosas Abiertas,0.0,col5-v2-arg-level_1-FINAL,2023,"{""type"":""Point"",""coordinates"":[0.0,0.0]}"
38_0_2,20119.83560372899,6,Leñosas Inundables,0.0,col5-v2-arg-level_1-FINAL,2023,"{""type"":""Point"",""coordinates"":[0.0,0.0]}"
38_0_3,2089.881996248557,9,Leñosas Cultivadas,0.0,col5-v2-arg-level_1-FINAL,2023,"{""type"":""Point"",""coordinates"":[0.0,0.0]}"
38_0_4,66864.56383748884,11,Pastizal Inundable,0.0,col5-v2-arg-level_1-FINAL,2023,"{""type"":""Point"",""coordinates"":[0.0,0.0]}"
38_0_5,35899.588568575804,15,Pasturas,0.0,col5-v2-arg-level_1-FINAL,2023,"{""type"":""Point"",""coordinates"":[0.0,0.0]}"
38_0_6,474.0653117720907,23,Playa y Dunas,0.0,col5-v2-arg-level_1-FINAL,2023,"{""type"":""Point"",""coordinates"":[0.0,0.0]}"
38_0_7,1538.999141155743,24,Infraestructura Urbana,0.0,col5-v2-arg-level_1-FINAL,2023,"{""type"":""Point"",""coordinates"":[0.0,0.0]}"
38_0_8,398.67409627672544,25,Otras Areas No Vegetadas,0.0,col5-v2-arg-level_1-FINAL,2023,"{""type"":""Point"",""coordinates"":[0.0,0.0]}"
38_0_9,6329.733404082417,26,Cuerpo de agua,0.0,col5-v2-arg-level_1-FINAL,2023,"{""type"":""Point"",""coordinates"":[0.0,0.0]}"
38_0_10,5452.363506024804,32,Salinas,0.0,col5-v2-arg-level_1-FINAL,2023,"{""type"":""Point"",""coordinates"":[0.0,0.0]}"
38_0_11,7172.067046852362,42,Pastizal Abierto,0.0,col5-v2-arg-level_1-FINAL,2023,"{""type"":""Point"",""coordinates"":[0.0,0.0]}"
38_0_12,34685.20931282621,43,Pastizal Cerrado,0.0,col5-v2-arg-level_1-FINAL,2023,"{""type"":""Point"",""coordinates"":[0.0,0.0]}"
38_0_13,1077.4976223384247,44,Pastizal Disperso,0.0,col5-v2-arg-level_1-FINAL,2023,"{""type"":""Point"",""coordinates"":[0.0,0.0]}"
38_0_14,15040.449850843432,45,Leñosas Dispersas,0.0,col5-v2-arg-level_1-FINAL,2023,"{""type"":""Point"",""coordinates"":[0.0,0.0]}"
38_0_15,93717.5725412078,57,Cultivos Simples,0.0,col5-v2-arg-level_1-FINAL,2023,"{""type"":""Point"",""coordinates"":[0.0,0.0]}"
