,system:index,area,class_id,class_name,territory,version,year,.geo,LEVEL_1,LEVEL_2,LEVEL_3
0,0_0_0,115996.6157154638,3,Leñosas Cerradas,0.0,col5-v2-bol-level_1-FINAL,1985,"{""type"":""Point"",""coordinates"":[0.0,0.0]}",Bolivia,,
1,0_0_1,3918.9830366693473,4,Leñosas Abiertas,0.0,col5-v2-bol-level_1-FINAL,1985,"{""type"":""Point"",""coordinates"":[0.0,0.0]}",Bolivia,,
2,0_0_2,212.93838078697823,6,Leñosas Inundables,0.0,col5-v2-bol-level_1-FINAL,1985,"{""type"":""Point"",""coordinates"":[0.0,0.0]}",Bolivia,,
3,0_0_3,15.647604319668645,11,Pastizal Inundable,0.0,col5-v2-bol-level_1-FINAL,1985,"{""type"":""Point"",""coordinates"":[0.0,0.0]}",Bolivia,,
4,0_0_4,285.79001146415175,15,Pasturas,0.0,col5-v2-bol-level_1-FINAL,1985,"{""type"":""Point"",""coordinates"":[0.0,0.0]}",Bolivia,,
5,0_0_5,330.3519182362382,23,Playa y Dunas,0.0,col5-v2-bol-level_1-FINAL,1985,"{""type"":""Point"",""coordinates"":[0.0,0.0]}",Bolivia,,
6,0_0_6,46.66421784450498,24,Infraestructura Urbana,0.0,col5-v2-bol-level_1-FINAL,1985,"{""type"":""Point"",""coordinates"":[0.0,0.0]}",Bolivia,,
7,0_0_7,6.353360433834773,25,Otras Areas No Vegetadas,0.0,col5-v2-bol-level_1-FINAL,1985,"{""type"":""Point"",""coordinates"":[0.0,0.0]}",Bolivia,,
8,0_0_8,415.09841159061534,26,Cuerpo de agua,0.0,col5-v2-bol-level_1-FINAL,1985,"{""type"":""Point"",""coordinates"":[0.0,0.0]}",Bolivia,,
9,0_0_9,1.2665214423217763,32,Salinas,0.0,col5-v2-bol-level_1-FINAL,1985,"{""type"":""Point"",""coordinates"":[0.0,0.0]}",Bolivia,,
10,0_0_10,0.1059307541503906,36,Cultivos Arbustivos,0.0,col5-v2-bol-level_1-FINAL,1985,"{""type"":""Point"",""coordinates"":[0.0,0.0]}",Bolivia,,
11,0_0_11,183.40206461482447,42,Pastizal Abierto,0.0,col5-v2-bol-level_1-FINAL,1985,"{""type"":""Point"",""coordinates"":[0.0,0.0]}",Bolivia,,
12,0_0_12,491.852577163984,43,Pastizal Cerrado,0.0,col5-v2-bol-level_1-FINAL,1985,"{""type"":""Point"",""coordinates"":[0.0,0.0]}",Bolivia,,
13,0_0_13,668.1804348902951,57,Cultivos Simples,0.0,col5-v2-bol-level_1-FINAL,1985,"{""type"":""Point"",""coordinates"":[0.0,0.0]}",Bolivia,,
14,0_0_14,0.0348874106445312,58,Cultivos Multiples,0.0,col5-v2-bol-level_1-FINAL,1985,"{""type"":""Point"",""coordinates"":[0.0,0.0]}",Bolivia,,
15,1_0_0,116103.86815284798,3,Leñosas Cerradas,0.0,col5-v2-bol-level_1-FINAL,1986,"{""type"":""Point"",""coordinates"":[0.0,0.0]}",Bolivia,,
16,1_0_1,3764.371599753613,4,Leñosas Abiertas,0.0,col5-v2-bol-level_1-FINAL,1986,"{""type"":""Point"",""coordinates"":[0.0,0.0]}",Bolivia,,
17,1_0_2,206.25381330393265,6,Leñosas Inundables,0.0,col5-v2-bol-level_1-FINAL,1986,"{""type"":""Point"",""coordinates"":[0.0,0.0]}",Bolivia,,
18,1_0_3,16.4189580334681,11,Pastizal Inundable,0.0,col5-v2-bol-level_1-FINAL,1986,"{""type"":""Point"",""coordinates"":[0.0,0.0]}",Bolivia,,
19,1_0_4,286.91747256511223,15,Pasturas,0.0,col5-v2-bol-level_1-FINAL,1986,"{""type"":""Point"",""coordinates"":[0.0,0.0]}",Bolivia,,
20,1_0_5,319.0010832102788,23,Playa y Dunas,0.0,col5-v2-bol-level_1-FINAL,1986,"{""type"":""Point"",""coordinates"":[0.0,0.0]}",Bolivia,,
21,1_0_6,55.53017778986611,24,Infraestructura Urbana,0.0,col5-v2-bol-level_1-FINAL,1986,"{""type"":""Point"",""coordinates"":[0.0,0.0]}",Bolivia,,
22,1_0_7,8.699975631141095,25,Otras Areas No Vegetadas,0.0,col5-v2-bol-level_1-FINAL,1986,"{""type"":""Point"",""coordinates"":[0.0,0.0]}",Bolivia,,
23,1_0_8,424.91529292262686,26,Cuerpo de agua,0.0,col5-v2-bol-level_1-FINAL,1986,"{""type"":""Point"",""coordinates"":[0.0,0.0]}",Bolivia,,
24,1_0_9,1.5226541456298812,32,Salinas,0.0,col5-v2-bol-level_1-FINAL,1986,"{""type"":""Point"",""coordinates"":[0.0,0.0]}",Bolivia,,
25,1_0_10,0.0361189986572265,36,Cultivos Arbustivos,0.0,col5-v2-bol-level_1-FINAL,1986,"{""type"":""Point"",""coordinates"":[0.0,0.0]}",Bolivia,,
26,1_0_11,160.77517025399197,42,Pastizal Abierto,0.0,col5-v2-bol-level_1-FINAL,1986,"{""type"":""Point"",""coordinates"":[0.0,0.0]}",Bolivia,,
27,1_0_12,434.1418779835091,43,Pastizal Cerrado,0.0,col5-v2-bol-level_1-FINAL,1986,"{""type"":""Point"",""coordinates"":[0.0,0.0]}",Bolivia,,
28,1_0_13,790.6340403684068,57,Cultivos Simples,0.0,col5-v2-bol-level_1-FINAL,1986,"{""type"":""Point"",""coordinates"":[0.0,0.0]}",Bolivia,,
29,1_0_14,0.1986852776489258,58,Cultivos Multiples,0.0,col5-v2-bol-level_1-FINAL,1986,"{""type"":""Point"",""coordinates"":[0.0,0.0]}",Bolivia,,
30,2_0_0,116135.3274970366,3,Leñosas Cerradas,0.0,col5-v2-bol-level_1-FINAL,1987,"{""type"":""Point"",""coordinates"":[0.0,0.0]}",Bolivia,,
31,2_0_1,3688.610007262319,4,Leñosas Abiertas,0.0,col5-v2-bol-level_1-FINAL,1987,"{""type"":""Point"",""coordinates"":[0.0,0.0]}",Bolivia,,
32,2_0_2,207.47524152084225,6,Leñosas Inundables,0.0,col5-v2-bol-level_1-FINAL,1987,"{""type"":""Point"",""coordinates"":[0.0,0.0]}",Bolivia,,
33,2_0_3,15.17185274928745,11,Pastizal Inundable,0.0,col5-v2-bol-level_1-FINAL,1987,"{""type"":""Point"",""coordinates"":[0.0,0.0]}",Bolivia,,
34,2_0_4,300.9322693816095,15,Pasturas,0.0,col5-v2-bol-level_1-FINAL,1987,"{""type"":""Point"",""coordinates"":[0.0,0.0]}",Bolivia,,
35,2_0_5,202.2804971103401,23,Playa y Dunas,0.0,col5-v2-bol-level_1-FINAL,1987,"{""type"":""Point"",""coordinates"":[0.0,0.0]}",Bolivia,,
36,2_0_6,58.61043053262341,24,Infraestructura Urbana,0.0,col5-v2-bol-level_1-FINAL,1987,"{""type"":""Point"",""coordinates"":[0.0,0.0]}",Bolivia,,
37,2_0_7,6.782230181288545,25,Otras Areas No Vegetadas,0.0,col5-v2-bol-level_1-FINAL,1987,"{""type"":""Point"",""coordinates"":[0.0,0.0]}",Bolivia,,
38,2_0_8,509.5375156057261,26,Cuerpo de agua,0.0,col5-v2-bol-level_1-FINAL,1987,"{""type"":""Point"",""coordinates"":[0.0,0.0]}",Bolivia,,
39,2_0_9,1.4820095080566371,32,Salinas,0.0,col5-v2-bol-level_1-FINAL,1987,"{""type"":""Point"",""coordinates"":[0.0,0.0]}",Bolivia,,
40,2_0_10,0.0361189986572265,36,Cultivos Arbustivos,0.0,col5-v2-bol-level_1-FINAL,1987,"{""type"":""Point"",""coordinates"":[0.0,0.0]}",Bolivia,,
41,2_0_11,175.87550330293652,42,Pastizal Abierto,0.0,col5-v2-bol-level_1-FINAL,1987,"{""type"":""Point"",""coordinates"":[0.0,0.0]}",Bolivia,,
42,2_0_12,424.1825429560965,43,Pastizal Cerrado,0.0,col5-v2-bol-level_1-FINAL,1987,"{""type"":""Point"",""coordinates"":[0.0,0.0]}",Bolivia,,
43,2_0_13,835.0452718561315,57,Cultivos Simples,0.0,col5-v2-bol-level_1-FINAL,1987,"{""type"":""Point"",""coordinates"":[0.0,0.0]}",Bolivia,,
44,2_0_14,11.936085083007823,58,Cultivos Multiples,0.0,col5-v2-bol-level_1-FINAL,1987,"{""type"":""Point"",""coordinates"":[0.0,0.0]}",Bolivia,,
45,3_0_0,116196.87302628173,3,Leñosas Cerradas,0.0,col5-v2-bol-level_1-FINAL,1988,"{""type"":""Point"",""coordinates"":[0.0,0.0]}",Bolivia,,
46,3_0_1,3666.953259509794,4,Leñosas Abiertas,0.0,col5-v2-bol-level_1-FINAL,1988,"{""type"":""Point"",""coordinates"":[0.0,0.0]}",Bolivia,,
47,3_0_2,217.88417047352064,6,Leñosas Inundables,0.0,col5-v2-bol-level_1-FINAL,1988,"{""type"":""Point"",""coordinates"":[0.0,0.0]}",Bolivia,,
48,3_0_3,5.855320695691178,11,Pastizal Inundable,0.0,col5-v2-bol-level_1-FINAL,1988,"{""type"":""Point"",""coordinates"":[0.0,0.0]}",Bolivia,,
49,3_0_4,267.8851159974872,15,Pasturas,0.0,col5-v2-bol-level_1-FINAL,1988,"{""type"":""Point"",""coordinates"":[0.0,0.0]}",Bolivia,,
50,3_0_5,239.013779848693,23,Playa y Dunas,0.0,col5-v2-bol-level_1-FINAL,1988,"{""type"":""Point"",""coordinates"":[0.0,0.0]}",Bolivia,,
51,3_0_6,70.1218761471913,24,Infraestructura Urbana,0.0,col5-v2-bol-level_1-FINAL,1988,"{""type"":""Point"",""coordinates"":[0.0,0.0]}",Bolivia,,
52,3_0_7,6.672279035987525,25,Otras Areas No Vegetadas,0.0,col5-v2-bol-level_1-FINAL,1988,"{""type"":""Point"",""coordinates"":[0.0,0.0]}",Bolivia,,
53,3_0_8,511.4280826581867,26,Cuerpo de agua,0.0,col5-v2-bol-level_1-FINAL,1988,"{""type"":""Point"",""coordinates"":[0.0,0.0]}",Bolivia,,
54,3_0_9,2.321677530090346,32,Salinas,0.0,col5-v2-bol-level_1-FINAL,1988,"{""type"":""Point"",""coordinates"":[0.0,0.0]}",Bolivia,,
55,3_0_10,0.082318125,36,Cultivos Arbustivos,0.0,col5-v2-bol-level_1-FINAL,1988,"{""type"":""Point"",""coordinates"":[0.0,0.0]}",Bolivia,,
56,3_0_11,139.66428924557752,42,Pastizal Abierto,0.0,col5-v2-bol-level_1-FINAL,1988,"{""type"":""Point"",""coordinates"":[0.0,0.0]}",Bolivia,,
57,3_0_12,367.02964244777087,43,Pastizal Cerrado,0.0,col5-v2-bol-level_1-FINAL,1988,"{""type"":""Point"",""coordinates"":[0.0,0.0]}",Bolivia,,
58,3_0_13,856.9454736666937,57,Cultivos Simples,0.0,col5-v2-bol-level_1-FINAL,1988,"{""type"":""Point"",""coordinates"":[0.0,0.0]}",Bolivia,,
59,3_0_14,24.55476142145562,58,Cultivos Multiples,0.0,col5-v2-bol-level_1-FINAL,1988,"{""type"":""Point"",""coordinates"":[0.0,0.0]}",Bolivia,,
60,4_0_0,116171.79372081184,3,Leñosas Cerradas,0.0,col5-v2-bol-level_1-FINAL,1989,"{""type"":""Point"",""coordinates"":[0.0,0.0]}",Bolivia,,
61,4_0_1,3658.4595413179154,4,Leñosas Abiertas,0.0,col5-v2-bol-level_1-FINAL,1989,"{""type"":""Point"",""coordinates"":[0.0,0.0]}",Bolivia,,
62,4_0_2,202.95630971828876,6,Leñosas Inundables,0.0,col5-v2-bol-level_1-FINAL,1989,"{""type"":""Point"",""coordinates"":[0.0,0.0]}",Bolivia,,
63,4_0_3,7.064382223294624,11,Pastizal Inundable,0.0,col5-v2-bol-level_1-FINAL,1989,"{""type"":""Point"",""coordinates"":[0.0,0.0]}",Bolivia,,
64,4_0_4,301.2946885543867,15,Pasturas,0.0,col5-v2-bol-level_1-FINAL,1989,"{""type"":""Point"",""coordinates"":[0.0,0.0]}",Bolivia,,
65,4_0_5,280.1332491891346,23,Playa y Dunas,0.0,col5-v2-bol-level_1-FINAL,1989,"{""type"":""Point"",""coordinates"":[0.0,0.0]}",Bolivia,,
66,4_0_6,73.8046187738655,24,Infraestructura Urbana,0.0,col5-v2-bol-level_1-FINAL,1989,"{""type"":""Point"",""coordinates"":[0.0,0.0]}",Bolivia,,
67,4_0_7,6.542236511624919,25,Otras Areas No Vegetadas,0.0,col5-v2-bol-level_1-FINAL,1989,"{""type"":""Point"",""coordinates"":[0.0,0.0]}",Bolivia,,
68,4_0_8,494.7211058739744,26,Cuerpo de agua,0.0,col5-v2-bol-level_1-FINAL,1989,"{""type"":""Point"",""coordinates"":[0.0,0.0]}",Bolivia,,
69,4_0_9,2.2854901033935704,32,Salinas,0.0,col5-v2-bol-level_1-FINAL,1989,"{""type"":""Point"",""coordinates"":[0.0,0.0]}",Bolivia,,
70,4_0_10,0.0428612104492187,36,Cultivos Arbustivos,0.0,col5-v2-bol-level_1-FINAL,1989,"{""type"":""Point"",""coordinates"":[0.0,0.0]}",Bolivia,,
71,4_0_11,132.3820745732674,42,Pastizal Abierto,0.0,col5-v2-bol-level_1-FINAL,1989,"{""type"":""Point"",""coordinates"":[0.0,0.0]}",Bolivia,,
72,4_0_12,351.2984421521012,43,Pastizal Cerrado,0.0,col5-v2-bol-level_1-FINAL,1989,"{""type"":""Point"",""coordinates"":[0.0,0.0]}",Bolivia,,
73,4_0_13,783.269976524943,57,Cultivos Simples,0.0,col5-v2-bol-level_1-FINAL,1989,"{""type"":""Point"",""coordinates"":[0.0,0.0]}",Bolivia,,
74,4_0_14,107.23637554518432,58,Cultivos Multiples,0.0,col5-v2-bol-level_1-FINAL,1989,"{""type"":""Point"",""coordinates"":[0.0,0.0]}",Bolivia,,
75,5_0_0,116088.90378201033,3,Leñosas Cerradas,0.0,col5-v2-bol-level_1-FINAL,1990,"{""type"":""Point"",""coordinates"":[0.0,0.0]}",Bolivia,,
76,5_0_1,3666.700703985992,4,Leñosas Abiertas,0.0,col5-v2-bol-level_1-FINAL,1990,"{""type"":""Point"",""coordinates"":[0.0,0.0]}",Bolivia,,
77,5_0_2,170.4327564382697,6,Leñosas Inundables,0.0,col5-v2-bol-level_1-FINAL,1990,"{""type"":""Point"",""coordinates"":[0.0,0.0]}",Bolivia,,
78,5_0_3,11.47397623306478,11,Pastizal Inundable,0.0,col5-v2-bol-level_1-FINAL,1990,"{""type"":""Point"",""coordinates"":[0.0,0.0]}",Bolivia,,
79,5_0_4,320.977647920288,15,Pasturas,0.0,col5-v2-bol-level_1-FINAL,1990,"{""type"":""Point"",""coordinates"":[0.0,0.0]}",Bolivia,,
80,5_0_5,282.4374774233283,23,Playa y Dunas,0.0,col5-v2-bol-level_1-FINAL,1990,"{""type"":""Point"",""coordinates"":[0.0,0.0]}",Bolivia,,
81,5_0_6,77.22627763754619,24,Infraestructura Urbana,0.0,col5-v2-bol-level_1-FINAL,1990,"{""type"":""Point"",""coordinates"":[0.0,0.0]}",Bolivia,,
82,5_0_7,4.426710512497608,25,Otras Areas No Vegetadas,0.0,col5-v2-bol-level_1-FINAL,1990,"{""type"":""Point"",""coordinates"":[0.0,0.0]}",Bolivia,,
83,5_0_8,446.7020103234694,26,Cuerpo de agua,0.0,col5-v2-bol-level_1-FINAL,1990,"{""type"":""Point"",""coordinates"":[0.0,0.0]}",Bolivia,,
84,5_0_9,1.407518110229493,32,Salinas,0.0,col5-v2-bol-level_1-FINAL,1990,"{""type"":""Point"",""coordinates"":[0.0,0.0]}",Bolivia,,
85,5_0_10,0.3950420311889649,36,Cultivos Arbustivos,0.0,col5-v2-bol-level_1-FINAL,1990,"{""type"":""Point"",""coordinates"":[0.0,0.0]}",Bolivia,,
86,5_0_11,144.07000562230726,42,Pastizal Abierto,0.0,col5-v2-bol-level_1-FINAL,1990,"{""type"":""Point"",""coordinates"":[0.0,0.0]}",Bolivia,,
87,5_0_12,363.4995041736816,43,Pastizal Cerrado,0.0,col5-v2-bol-level_1-FINAL,1990,"{""type"":""Point"",""coordinates"":[0.0,0.0]}",Bolivia,,
88,5_0_13,854.325617206822,57,Cultivos Simples,0.0,col5-v2-bol-level_1-FINAL,1990,"{""type"":""Point"",""coordinates"":[0.0,0.0]}",Bolivia,,
89,5_0_14,140.30604345486356,58,Cultivos Multiples,0.0,col5-v2-bol-level_1-FINAL,1990,"{""type"":""Point"",""coordinates"":[0.0,0.0]}",Bolivia,,
90,6_0_0,116241.22982707116,3,Leñosas Cerradas,0.0,col5-v2-bol-level_1-FINAL,1991,"{""type"":""Point"",""coordinates"":[0.0,0.0]}",Bolivia,,
91,6_0_1,3530.449506076546,4,Leñosas Abiertas,0.0,col5-v2-bol-level_1-FINAL,1991,"{""type"":""Point"",""coordinates"":[0.0,0.0]}",Bolivia,,
92,6_0_2,173.9841761516449,6,Leñosas Inundables,0.0,col5-v2-bol-level_1-FINAL,1991,"{""type"":""Point"",""coordinates"":[0.0,0.0]}",Bolivia,,
93,6_0_3,15.47614190921224,11,Pastizal Inundable,0.0,col5-v2-bol-level_1-FINAL,1991,"{""type"":""Point"",""coordinates"":[0.0,0.0]}",Bolivia,,
94,6_0_4,288.27810078804214,15,Pasturas,0.0,col5-v2-bol-level_1-FINAL,1991,"{""type"":""Point"",""coordinates"":[0.0,0.0]}",Bolivia,,
95,6_0_5,246.79995268549163,23,Playa y Dunas,0.0,col5-v2-bol-level_1-FINAL,1991,"{""type"":""Point"",""coordinates"":[0.0,0.0]}",Bolivia,,
96,6_0_6,79.77972278984615,24,Infraestructura Urbana,0.0,col5-v2-bol-level_1-FINAL,1991,"{""type"":""Point"",""coordinates"":[0.0,0.0]}",Bolivia,,
97,6_0_7,7.4362322829096925,25,Otras Areas No Vegetadas,0.0,col5-v2-bol-level_1-FINAL,1991,"{""type"":""Point"",""coordinates"":[0.0,0.0]}",Bolivia,,
98,6_0_8,451.1838049197415,26,Cuerpo de agua,0.0,col5-v2-bol-level_1-FINAL,1991,"{""type"":""Point"",""coordinates"":[0.0,0.0]}",Bolivia,,
99,6_0_9,1.4388384129638654,32,Salinas,0.0,col5-v2-bol-level_1-FINAL,1991,"{""type"":""Point"",""coordinates"":[0.0,0.0]}",Bolivia,,
100,6_0_10,0.0310537776489257,36,Cultivos Arbustivos,0.0,col5-v2-bol-level_1-FINAL,1991,"{""type"":""Point"",""coordinates"":[0.0,0.0]}",Bolivia,,
101,6_0_11,169.0599939409548,42,Pastizal Abierto,0.0,col5-v2-bol-level_1-FINAL,1991,"{""type"":""Point"",""coordinates"":[0.0,0.0]}",Bolivia,,
102,6_0_12,359.1339825207109,43,Pastizal Cerrado,0.0,col5-v2-bol-level_1-FINAL,1991,"{""type"":""Point"",""coordinates"":[0.0,0.0]}",Bolivia,,
103,6_0_13,902.5716624833444,57,Cultivos Simples,0.0,col5-v2-bol-level_1-FINAL,1991,"{""type"":""Point"",""coordinates"":[0.0,0.0]}",Bolivia,,
104,6_0_14,106.4320772732085,58,Cultivos Multiples,0.0,col5-v2-bol-level_1-FINAL,1991,"{""type"":""Point"",""coordinates"":[0.0,0.0]}",Bolivia,,
105,7_0_0,116185.01017811416,3,Leñosas Cerradas,0.0,col5-v2-bol-level_1-FINAL,1992,"{""type"":""Point"",""coordinates"":[0.0,0.0]}",Bolivia,,
106,7_0_1,3510.5436738576936,4,Leñosas Abiertas,0.0,col5-v2-bol-level_1-FINAL,1992,"{""type"":""Point"",""coordinates"":[0.0,0.0]}",Bolivia,,
107,7_0_2,177.6187198360189,6,Leñosas Inundables,0.0,col5-v2-bol-level_1-FINAL,1992,"{""type"":""Point"",""coordinates"":[0.0,0.0]}",Bolivia,,
108,7_0_3,11.142391163348526,11,Pastizal Inundable,0.0,col5-v2-bol-level_1-FINAL,1992,"{""type"":""Point"",""coordinates"":[0.0,0.0]}",Bolivia,,
109,7_0_4,280.0455296827217,15,Pasturas,0.0,col5-v2-bol-level_1-FINAL,1992,"{""type"":""Point"",""coordinates"":[0.0,0.0]}",Bolivia,,
110,7_0_5,226.8666059121329,23,Playa y Dunas,0.0,col5-v2-bol-level_1-FINAL,1992,"{""type"":""Point"",""coordinates"":[0.0,0.0]}",Bolivia,,
111,7_0_6,82.02836536702576,24,Infraestructura Urbana,0.0,col5-v2-bol-level_1-FINAL,1992,"{""type"":""Point"",""coordinates"":[0.0,0.0]}",Bolivia,,
112,7_0_7,13.932502598565112,25,Otras Areas No Vegetadas,0.0,col5-v2-bol-level_1-FINAL,1992,"{""type"":""Point"",""coordinates"":[0.0,0.0]}",Bolivia,,
113,7_0_8,457.5470207036755,26,Cuerpo de agua,0.0,col5-v2-bol-level_1-FINAL,1992,"{""type"":""Point"",""coordinates"":[0.0,0.0]}",Bolivia,,
114,7_0_9,2.785857048339868,32,Salinas,0.0,col5-v2-bol-level_1-FINAL,1992,"{""type"":""Point"",""coordinates"":[0.0,0.0]}",Bolivia,,
115,7_0_10,0.0151196581420898,36,Cultivos Arbustivos,0.0,col5-v2-bol-level_1-FINAL,1992,"{""type"":""Point"",""coordinates"":[0.0,0.0]}",Bolivia,,
116,7_0_11,165.98520937784622,42,Pastizal Abierto,0.0,col5-v2-bol-level_1-FINAL,1992,"{""type"":""Point"",""coordinates"":[0.0,0.0]}",Bolivia,,
117,7_0_12,330.85007531453607,43,Pastizal Cerrado,0.0,col5-v2-bol-level_1-FINAL,1992,"{""type"":""Point"",""coordinates"":[0.0,0.0]}",Bolivia,,
118,7_0_13,1086.3863980949236,57,Cultivos Simples,0.0,col5-v2-bol-level_1-FINAL,1992,"{""type"":""Point"",""coordinates"":[0.0,0.0]}",Bolivia,,
119,7_0_14,42.52742635482868,58,Cultivos Multiples,0.0,col5-v2-bol-level_1-FINAL,1992,"{""type"":""Point"",""coordinates"":[0.0,0.0]}",Bolivia,,
120,8_0_0,116063.7897630206,3,Leñosas Cerradas,0.0,col5-v2-bol-level_1-FINAL,1993,"{""type"":""Point"",""coordinates"":[0.0,0.0]}",Bolivia,,
121,8_0_1,3596.785219077065,4,Leñosas Abiertas,0.0,col5-v2-bol-level_1-FINAL,1993,"{""type"":""Point"",""coordinates"":[0.0,0.0]}",Bolivia,,
122,8_0_2,207.9342955175203,6,Leñosas Inundables,0.0,col5-v2-bol-level_1-FINAL,1993,"{""type"":""Point"",""coordinates"":[0.0,0.0]}",Bolivia,,
123,8_0_3,9.96467052386716,11,Pastizal Inundable,0.0,col5-v2-bol-level_1-FINAL,1993,"{""type"":""Point"",""coordinates"":[0.0,0.0]}",Bolivia,,
124,8_0_4,254.443354655048,15,Pasturas,0.0,col5-v2-bol-level_1-FINAL,1993,"{""type"":""Point"",""coordinates"":[0.0,0.0]}",Bolivia,,
125,8_0_5,229.72563223884768,23,Playa y Dunas,0.0,col5-v2-bol-level_1-FINAL,1993,"{""type"":""Point"",""coordinates"":[0.0,0.0]}",Bolivia,,
126,8_0_6,84.91838943848751,24,Infraestructura Urbana,0.0,col5-v2-bol-level_1-FINAL,1993,"{""type"":""Point"",""coordinates"":[0.0,0.0]}",Bolivia,,
127,8_0_7,17.33200595812993,25,Otras Areas No Vegetadas,0.0,col5-v2-bol-level_1-FINAL,1993,"{""type"":""Point"",""coordinates"":[0.0,0.0]}",Bolivia,,
128,8_0_8,446.9994274232576,26,Cuerpo de agua,0.0,col5-v2-bol-level_1-FINAL,1993,"{""type"":""Point"",""coordinates"":[0.0,0.0]}",Bolivia,,
129,8_0_9,3.112637178283684,32,Salinas,0.0,col5-v2-bol-level_1-FINAL,1993,"{""type"":""Point"",""coordinates"":[0.0,0.0]}",Bolivia,,
130,8_0_10,0.0319192560424804,36,Cultivos Arbustivos,0.0,col5-v2-bol-level_1-FINAL,1993,"{""type"":""Point"",""coordinates"":[0.0,0.0]}",Bolivia,,
131,8_0_11,155.63036660899672,42,Pastizal Abierto,0.0,col5-v2-bol-level_1-FINAL,1993,"{""type"":""Point"",""coordinates"":[0.0,0.0]}",Bolivia,,
132,8_0_12,347.31223171315605,43,Pastizal Cerrado,0.0,col5-v2-bol-level_1-FINAL,1993,"{""type"":""Point"",""coordinates"":[0.0,0.0]}",Bolivia,,
133,8_0_13,1013.9155224071138,57,Cultivos Simples,0.0,col5-v2-bol-level_1-FINAL,1993,"{""type"":""Point"",""coordinates"":[0.0,0.0]}",Bolivia,,
134,8_0_14,141.38963806777366,58,Cultivos Multiples,0.0,col5-v2-bol-level_1-FINAL,1993,"{""type"":""Point"",""coordinates"":[0.0,0.0]}",Bolivia,,
135,9_0_0,116113.24705647696,3,Leñosas Cerradas,0.0,col5-v2-bol-level_1-FINAL,1994,"{""type"":""Point"",""coordinates"":[0.0,0.0]}",Bolivia,,
136,9_0_1,3564.3323632980123,4,Leñosas Abiertas,0.0,col5-v2-bol-level_1-FINAL,1994,"{""type"":""Point"",""coordinates"":[0.0,0.0]}",Bolivia,,
137,9_0_2,206.5258788193367,6,Leñosas Inundables,0.0,col5-v2-bol-level_1-FINAL,1994,"{""type"":""Point"",""coordinates"":[0.0,0.0]}",Bolivia,,
138,9_0_3,5.487269925123028,11,Pastizal Inundable,0.0,col5-v2-bol-level_1-FINAL,1994,"{""type"":""Point"",""coordinates"":[0.0,0.0]}",Bolivia,,
139,9_0_4,322.1538061353758,15,Pasturas,0.0,col5-v2-bol-level_1-FINAL,1994,"{""type"":""Point"",""coordinates"":[0.0,0.0]}",Bolivia,,
140,9_0_5,186.63861815349244,23,Playa y Dunas,0.0,col5-v2-bol-level_1-FINAL,1994,"{""type"":""Point"",""coordinates"":[0.0,0.0]}",Bolivia,,
141,9_0_6,87.63845598316456,24,Infraestructura Urbana,0.0,col5-v2-bol-level_1-FINAL,1994,"{""type"":""Point"",""coordinates"":[0.0,0.0]}",Bolivia,,
142,9_0_7,5.439214921344599,25,Otras Areas No Vegetadas,0.0,col5-v2-bol-level_1-FINAL,1994,"{""type"":""Point"",""coordinates"":[0.0,0.0]}",Bolivia,,
143,9_0_8,420.8662972698167,26,Cuerpo de agua,0.0,col5-v2-bol-level_1-FINAL,1994,"{""type"":""Point"",""coordinates"":[0.0,0.0]}",Bolivia,,
144,9_0_9,3.356914819274905,32,Salinas,0.0,col5-v2-bol-level_1-FINAL,1994,"{""type"":""Point"",""coordinates"":[0.0,0.0]}",Bolivia,,
145,9_0_10,0.0075598190917968,36,Cultivos Arbustivos,0.0,col5-v2-bol-level_1-FINAL,1994,"{""type"":""Point"",""coordinates"":[0.0,0.0]}",Bolivia,,
146,9_0_11,122.7023469825572,42,Pastizal Abierto,0.0,col5-v2-bol-level_1-FINAL,1994,"{""type"":""Point"",""coordinates"":[0.0,0.0]}",Bolivia,,
147,9_0_12,374.5404394064453,43,Pastizal Cerrado,0.0,col5-v2-bol-level_1-FINAL,1994,"{""type"":""Point"",""coordinates"":[0.0,0.0]}",Bolivia,,
148,9_0_13,1087.0610310776774,57,Cultivos Simples,0.0,col5-v2-bol-level_1-FINAL,1994,"{""type"":""Point"",""coordinates"":[0.0,0.0]}",Bolivia,,
149,9_0_14,73.28781999664226,58,Cultivos Multiples,0.0,col5-v2-bol-level_1-FINAL,1994,"{""type"":""Point"",""coordinates"":[0.0,0.0]}",Bolivia,,
150,10_0_0,116125.63119467771,3,Leñosas Cerradas,0.0,col5-v2-bol-level_1-FINAL,1995,"{""type"":""Point"",""coordinates"":[0.0,0.0]}",Bolivia,,
151,10_0_1,3464.204626855912,4,Leñosas Abiertas,0.0,col5-v2-bol-level_1-FINAL,1995,"{""type"":""Point"",""coordinates"":[0.0,0.0]}",Bolivia,,
152,10_0_2,201.4147203562684,6,Leñosas Inundables,0.0,col5-v2-bol-level_1-FINAL,1995,"{""type"":""Point"",""coordinates"":[0.0,0.0]}",Bolivia,,
153,10_0_3,2.046442392246378,11,Pastizal Inundable,0.0,col5-v2-bol-level_1-FINAL,1995,"{""type"":""Point"",""coordinates"":[0.0,0.0]}",Bolivia,,
154,10_0_4,563.5195298366181,15,Pasturas,0.0,col5-v2-bol-level_1-FINAL,1995,"{""type"":""Point"",""coordinates"":[0.0,0.0]}",Bolivia,,
155,10_0_5,173.83504734747638,23,Playa y Dunas,0.0,col5-v2-bol-level_1-FINAL,1995,"{""type"":""Point"",""coordinates"":[0.0,0.0]}",Bolivia,,
156,10_0_6,90.13210281068544,24,Infraestructura Urbana,0.0,col5-v2-bol-level_1-FINAL,1995,"{""type"":""Point"",""coordinates"":[0.0,0.0]}",Bolivia,,
157,10_0_7,10.50137155168504,25,Otras Areas No Vegetadas,0.0,col5-v2-bol-level_1-FINAL,1995,"{""type"":""Point"",""coordinates"":[0.0,0.0]}",Bolivia,,
158,10_0_8,232.47308073735945,26,Cuerpo de agua,0.0,col5-v2-bol-level_1-FINAL,1995,"{""type"":""Point"",""coordinates"":[0.0,0.0]}",Bolivia,,
159,10_0_9,5.189362451415999,32,Salinas,0.0,col5-v2-bol-level_1-FINAL,1995,"{""type"":""Point"",""coordinates"":[0.0,0.0]}",Bolivia,,
160,10_0_10,99.78773479808186,42,Pastizal Abierto,0.0,col5-v2-bol-level_1-FINAL,1995,"{""type"":""Point"",""coordinates"":[0.0,0.0]}",Bolivia,,
161,10_0_11,360.5876334594859,43,Pastizal Cerrado,0.0,col5-v2-bol-level_1-FINAL,1995,"{""type"":""Point"",""coordinates"":[0.0,0.0]}",Bolivia,,
162,10_0_12,0.00020842532169117647,45,Leñosas Dispersas,0.0,col5-v2-bol-level_1-FINAL,1995,"{""type"":""Point"",""coordinates"":[0.0,0.0]}",Bolivia,,
163,10_0_13,1161.0759329276227,57,Cultivos Simples,0.0,col5-v2-bol-level_1-FINAL,1995,"{""type"":""Point"",""coordinates"":[0.0,0.0]}",Bolivia,,
164,10_0_14,82.88608445655323,58,Cultivos Multiples,0.0,col5-v2-bol-level_1-FINAL,1995,"{""type"":""Point"",""coordinates"":[0.0,0.0]}",Bolivia,,
165,11_0_0,115771.230575164,3,Leñosas Cerradas,0.0,col5-v2-bol-level_1-FINAL,1996,"{""type"":""Point"",""coordinates"":[0.0,0.0]}",Bolivia,,
166,11_0_1,3431.3916829513823,4,Leñosas Abiertas,0.0,col5-v2-bol-level_1-FINAL,1996,"{""type"":""Point"",""coordinates"":[0.0,0.0]}",Bolivia,,
167,11_0_2,181.7426899813753,6,Leñosas Inundables,0.0,col5-v2-bol-level_1-FINAL,1996,"{""type"":""Point"",""coordinates"":[0.0,0.0]}",Bolivia,,
168,11_0_3,1.7680706732070015,11,Pastizal Inundable,0.0,col5-v2-bol-level_1-FINAL,1996,"{""type"":""Point"",""coordinates"":[0.0,0.0]}",Bolivia,,
169,11_0_4,750.4405245363054,15,Pasturas,0.0,col5-v2-bol-level_1-FINAL,1996,"{""type"":""Point"",""coordinates"":[0.0,0.0]}",Bolivia,,
170,11_0_5,212.3874022207484,23,Playa y Dunas,0.0,col5-v2-bol-level_1-FINAL,1996,"{""type"":""Point"",""coordinates"":[0.0,0.0]}",Bolivia,,
171,11_0_6,93.45350911105471,24,Infraestructura Urbana,0.0,col5-v2-bol-level_1-FINAL,1996,"{""type"":""Point"",""coordinates"":[0.0,0.0]}",Bolivia,,
172,11_0_7,8.150288451165652,25,Otras Areas No Vegetadas,0.0,col5-v2-bol-level_1-FINAL,1996,"{""type"":""Point"",""coordinates"":[0.0,0.0]}",Bolivia,,
173,11_0_8,230.6372748254028,26,Cuerpo de agua,0.0,col5-v2-bol-level_1-FINAL,1996,"{""type"":""Point"",""coordinates"":[0.0,0.0]}",Bolivia,,
174,11_0_9,5.100660825012182,32,Salinas,0.0,col5-v2-bol-level_1-FINAL,1996,"{""type"":""Point"",""coordinates"":[0.0,0.0]}",Bolivia,,
175,11_0_10,127.34554041794006,42,Pastizal Abierto,0.0,col5-v2-bol-level_1-FINAL,1996,"{""type"":""Point"",""coordinates"":[0.0,0.0]}",Bolivia,,
176,11_0_11,387.8472599071038,43,Pastizal Cerrado,0.0,col5-v2-bol-level_1-FINAL,1996,"{""type"":""Point"",""coordinates"":[0.0,0.0]}",Bolivia,,
177,11_0_12,0.00020842532169117647,45,Leñosas Dispersas,0.0,col5-v2-bol-level_1-FINAL,1996,"{""type"":""Point"",""coordinates"":[0.0,0.0]}",Bolivia,,
178,11_0_13,1305.750691448662,57,Cultivos Simples,0.0,col5-v2-bol-level_1-FINAL,1996,"{""type"":""Point"",""coordinates"":[0.0,0.0]}",Bolivia,,
179,11_0_14,66.03869414592732,58,Cultivos Multiples,0.0,col5-v2-bol-level_1-FINAL,1996,"{""type"":""Point"",""coordinates"":[0.0,0.0]}",Bolivia,,
180,12_0_0,115516.61124861772,3,Leñosas Cerradas,0.0,col5-v2-bol-level_1-FINAL,1997,"{""type"":""Point"",""coordinates"":[0.0,0.0]}",Bolivia,,
181,12_0_1,3432.913866553125,4,Leñosas Abiertas,0.0,col5-v2-bol-level_1-FINAL,1997,"{""type"":""Point"",""coordinates"":[0.0,0.0]}",Bolivia,,
182,12_0_2,150.50354201059247,6,Leñosas Inundables,0.0,col5-v2-bol-level_1-FINAL,1997,"{""type"":""Point"",""coordinates"":[0.0,0.0]}",Bolivia,,
183,12_0_3,1.4639279042983055,11,Pastizal Inundable,0.0,col5-v2-bol-level_1-FINAL,1997,"{""type"":""Point"",""coordinates"":[0.0,0.0]}",Bolivia,,
184,12_0_4,722.3782231272198,15,Pasturas,0.0,col5-v2-bol-level_1-FINAL,1997,"{""type"":""Point"",""coordinates"":[0.0,0.0]}",Bolivia,,
185,12_0_5,144.09575990289667,23,Playa y Dunas,0.0,col5-v2-bol-level_1-FINAL,1997,"{""type"":""Point"",""coordinates"":[0.0,0.0]}",Bolivia,,
186,12_0_6,95.31980630303572,24,Infraestructura Urbana,0.0,col5-v2-bol-level_1-FINAL,1997,"{""type"":""Point"",""coordinates"":[0.0,0.0]}",Bolivia,,
187,12_0_7,8.83848639933818,25,Otras Areas No Vegetadas,0.0,col5-v2-bol-level_1-FINAL,1997,"{""type"":""Point"",""coordinates"":[0.0,0.0]}",Bolivia,,
188,12_0_8,246.60902071308263,26,Cuerpo de agua,0.0,col5-v2-bol-level_1-FINAL,1997,"{""type"":""Point"",""coordinates"":[0.0,0.0]}",Bolivia,,
189,12_0_9,5.1040082344360105,32,Salinas,0.0,col5-v2-bol-level_1-FINAL,1997,"{""type"":""Point"",""coordinates"":[0.0,0.0]}",Bolivia,,
190,12_0_10,109.92160368716809,42,Pastizal Abierto,0.0,col5-v2-bol-level_1-FINAL,1997,"{""type"":""Point"",""coordinates"":[0.0,0.0]}",Bolivia,,
191,12_0_11,492.8300811319072,43,Pastizal Cerrado,0.0,col5-v2-bol-level_1-FINAL,1997,"{""type"":""Point"",""coordinates"":[0.0,0.0]}",Bolivia,,
192,12_0_12,1582.3273462487746,57,Cultivos Simples,0.0,col5-v2-bol-level_1-FINAL,1997,"{""type"":""Point"",""coordinates"":[0.0,0.0]}",Bolivia,,
193,12_0_13,64.36815225089605,58,Cultivos Multiples,0.0,col5-v2-bol-level_1-FINAL,1997,"{""type"":""Point"",""coordinates"":[0.0,0.0]}",Bolivia,,
194,13_0_0,115234.10092078176,3,Leñosas Cerradas,0.0,col5-v2-bol-level_1-FINAL,1998,"{""type"":""Point"",""coordinates"":[0.0,0.0]}",Bolivia,,
195,13_0_1,3449.634251267241,4,Leñosas Abiertas,0.0,col5-v2-bol-level_1-FINAL,1998,"{""type"":""Point"",""coordinates"":[0.0,0.0]}",Bolivia,,
196,13_0_2,163.55578243478456,6,Leñosas Inundables,0.0,col5-v2-bol-level_1-FINAL,1998,"{""type"":""Point"",""coordinates"":[0.0,0.0]}",Bolivia,,
197,13_0_3,1.6133620853888984,11,Pastizal Inundable,0.0,col5-v2-bol-level_1-FINAL,1998,"{""type"":""Point"",""coordinates"":[0.0,0.0]}",Bolivia,,
198,13_0_4,746.4175022473056,15,Pasturas,0.0,col5-v2-bol-level_1-FINAL,1998,"{""type"":""Point"",""coordinates"":[0.0,0.0]}",Bolivia,,
199,13_0_5,163.07933257983467,23,Playa y Dunas,0.0,col5-v2-bol-level_1-FINAL,1998,"{""type"":""Point"",""coordinates"":[0.0,0.0]}",Bolivia,,
200,13_0_6,96.26928215078108,24,Infraestructura Urbana,0.0,col5-v2-bol-level_1-FINAL,1998,"{""type"":""Point"",""coordinates"":[0.0,0.0]}",Bolivia,,
201,13_0_7,27.45719330725414,25,Otras Areas No Vegetadas,0.0,col5-v2-bol-level_1-FINAL,1998,"{""type"":""Point"",""coordinates"":[0.0,0.0]}",Bolivia,,
202,13_0_8,226.71026294838407,26,Cuerpo de agua,0.0,col5-v2-bol-level_1-FINAL,1998,"{""type"":""Point"",""coordinates"":[0.0,0.0]}",Bolivia,,
203,13_0_9,3.9950456520996016,32,Salinas,0.0,col5-v2-bol-level_1-FINAL,1998,"{""type"":""Point"",""coordinates"":[0.0,0.0]}",Bolivia,,
204,13_0_10,90.58157587164912,42,Pastizal Abierto,0.0,col5-v2-bol-level_1-FINAL,1998,"{""type"":""Point"",""coordinates"":[0.0,0.0]}",Bolivia,,
205,13_0_11,515.8883434979319,43,Pastizal Cerrado,0.0,col5-v2-bol-level_1-FINAL,1998,"{""type"":""Point"",""coordinates"":[0.0,0.0]}",Bolivia,,
206,13_0_12,1783.8651692073356,57,Cultivos Simples,0.0,col5-v2-bol-level_1-FINAL,1998,"{""type"":""Point"",""coordinates"":[0.0,0.0]}",Bolivia,,
207,13_0_13,70.11704905390751,58,Cultivos Multiples,0.0,col5-v2-bol-level_1-FINAL,1998,"{""type"":""Point"",""coordinates"":[0.0,0.0]}",Bolivia,,
208,14_0_0,115257.0922285812,3,Leñosas Cerradas,0.0,col5-v2-bol-level_1-FINAL,1999,"{""type"":""Point"",""coordinates"":[0.0,0.0]}",Bolivia,,
209,14_0_1,3472.6786750803976,4,Leñosas Abiertas,0.0,col5-v2-bol-level_1-FINAL,1999,"{""type"":""Point"",""coordinates"":[0.0,0.0]}",Bolivia,,
210,14_0_2,182.71715187709515,6,Leñosas Inundables,0.0,col5-v2-bol-level_1-FINAL,1999,"{""type"":""Point"",""coordinates"":[0.0,0.0]}",Bolivia,,
211,14_0_3,2.7269362151731054,11,Pastizal Inundable,0.0,col5-v2-bol-level_1-FINAL,1999,"{""type"":""Point"",""coordinates"":[0.0,0.0]}",Bolivia,,
212,14_0_4,638.712470241619,15,Pasturas,0.0,col5-v2-bol-level_1-FINAL,1999,"{""type"":""Point"",""coordinates"":[0.0,0.0]}",Bolivia,,
213,14_0_5,148.25508190484834,23,Playa y Dunas,0.0,col5-v2-bol-level_1-FINAL,1999,"{""type"":""Point"",""coordinates"":[0.0,0.0]}",Bolivia,,
214,14_0_6,97.72614550460712,24,Infraestructura Urbana,0.0,col5-v2-bol-level_1-FINAL,1999,"{""type"":""Point"",""coordinates"":[0.0,0.0]}",Bolivia,,
215,14_0_7,21.42153147540326,25,Otras Areas No Vegetadas,0.0,col5-v2-bol-level_1-FINAL,1999,"{""type"":""Point"",""coordinates"":[0.0,0.0]}",Bolivia,,
216,14_0_8,264.3885976212277,26,Cuerpo de agua,0.0,col5-v2-bol-level_1-FINAL,1999,"{""type"":""Point"",""coordinates"":[0.0,0.0]}",Bolivia,,
217,14_0_9,3.4846815048828104,32,Salinas,0.0,col5-v2-bol-level_1-FINAL,1999,"{""type"":""Point"",""coordinates"":[0.0,0.0]}",Bolivia,,
218,14_0_10,99.21661861229084,42,Pastizal Abierto,0.0,col5-v2-bol-level_1-FINAL,1999,"{""type"":""Point"",""coordinates"":[0.0,0.0]}",Bolivia,,
219,14_0_11,425.6879149687829,43,Pastizal Cerrado,0.0,col5-v2-bol-level_1-FINAL,1999,"{""type"":""Point"",""coordinates"":[0.0,0.0]}",Bolivia,,
220,14_0_12,1742.3394824970728,57,Cultivos Simples,0.0,col5-v2-bol-level_1-FINAL,1999,"{""type"":""Point"",""coordinates"":[0.0,0.0]}",Bolivia,,
221,14_0_13,216.83755700109785,58,Cultivos Multiples,0.0,col5-v2-bol-level_1-FINAL,1999,"{""type"":""Point"",""coordinates"":[0.0,0.0]}",Bolivia,,
222,15_0_0,115136.84328981764,3,Leñosas Cerradas,0.0,col5-v2-bol-level_1-FINAL,2000,"{""type"":""Point"",""coordinates"":[0.0,0.0]}",Bolivia,,
223,15_0_1,3565.0547789540938,4,Leñosas Abiertas,0.0,col5-v2-bol-level_1-FINAL,2000,"{""type"":""Point"",""coordinates"":[0.0,0.0]}",Bolivia,,
224,15_0_2,166.23103689022474,6,Leñosas Inundables,0.0,col5-v2-bol-level_1-FINAL,2000,"{""type"":""Point"",""coordinates"":[0.0,0.0]}",Bolivia,,
225,15_0_3,8.479262658506903,11,Pastizal Inundable,0.0,col5-v2-bol-level_1-FINAL,2000,"{""type"":""Point"",""coordinates"":[0.0,0.0]}",Bolivia,,
226,15_0_4,640.6922275580682,15,Pasturas,0.0,col5-v2-bol-level_1-FINAL,2000,"{""type"":""Point"",""coordinates"":[0.0,0.0]}",Bolivia,,
227,15_0_5,304.96658599250634,23,Playa y Dunas,0.0,col5-v2-bol-level_1-FINAL,2000,"{""type"":""Point"",""coordinates"":[0.0,0.0]}",Bolivia,,
228,15_0_6,99.14876887636264,24,Infraestructura Urbana,0.0,col5-v2-bol-level_1-FINAL,2000,"{""type"":""Point"",""coordinates"":[0.0,0.0]}",Bolivia,,
229,15_0_7,29.582997474537795,25,Otras Areas No Vegetadas,0.0,col5-v2-bol-level_1-FINAL,2000,"{""type"":""Point"",""coordinates"":[0.0,0.0]}",Bolivia,,
230,15_0_8,304.3164488625952,26,Cuerpo de agua,0.0,col5-v2-bol-level_1-FINAL,2000,"{""type"":""Point"",""coordinates"":[0.0,0.0]}",Bolivia,,
231,15_0_9,4.496613949279766,32,Salinas,0.0,col5-v2-bol-level_1-FINAL,2000,"{""type"":""Point"",""coordinates"":[0.0,0.0]}",Bolivia,,
232,15_0_10,96.5806519069482,42,Pastizal Abierto,0.0,col5-v2-bol-level_1-FINAL,2000,"{""type"":""Point"",""coordinates"":[0.0,0.0]}",Bolivia,,
233,15_0_11,391.1305169305117,43,Pastizal Cerrado,0.0,col5-v2-bol-level_1-FINAL,2000,"{""type"":""Point"",""coordinates"":[0.0,0.0]}",Bolivia,,
234,15_0_12,1555.27755227169,57,Cultivos Simples,0.0,col5-v2-bol-level_1-FINAL,2000,"{""type"":""Point"",""coordinates"":[0.0,0.0]}",Bolivia,,
235,15_0_13,270.4843409428691,58,Cultivos Multiples,0.0,col5-v2-bol-level_1-FINAL,2000,"{""type"":""Point"",""coordinates"":[0.0,0.0]}",Bolivia,,
236,16_0_0,115002.57333325667,3,Leñosas Cerradas,0.0,col5-v2-bol-level_1-FINAL,2001,"{""type"":""Point"",""coordinates"":[0.0,0.0]}",Bolivia,,
237,16_0_1,3553.891603889731,4,Leñosas Abiertas,0.0,col5-v2-bol-level_1-FINAL,2001,"{""type"":""Point"",""coordinates"":[0.0,0.0]}",Bolivia,,
238,16_0_2,180.2362821000432,6,Leñosas Inundables,0.0,col5-v2-bol-level_1-FINAL,2001,"{""type"":""Point"",""coordinates"":[0.0,0.0]}",Bolivia,,
239,16_0_3,11.071122702626468,11,Pastizal Inundable,0.0,col5-v2-bol-level_1-FINAL,2001,"{""type"":""Point"",""coordinates"":[0.0,0.0]}",Bolivia,,
240,16_0_4,643.7812778836471,15,Pasturas,0.0,col5-v2-bol-level_1-FINAL,2001,"{""type"":""Point"",""coordinates"":[0.0,0.0]}",Bolivia,,
241,16_0_5,341.52852056309,23,Playa y Dunas,0.0,col5-v2-bol-level_1-FINAL,2001,"{""type"":""Point"",""coordinates"":[0.0,0.0]}",Bolivia,,
242,16_0_6,100.14621877940743,24,Infraestructura Urbana,0.0,col5-v2-bol-level_1-FINAL,2001,"{""type"":""Point"",""coordinates"":[0.0,0.0]}",Bolivia,,
243,16_0_7,32.994166210549686,25,Otras Areas No Vegetadas,0.0,col5-v2-bol-level_1-FINAL,2001,"{""type"":""Point"",""coordinates"":[0.0,0.0]}",Bolivia,,
244,16_0_8,311.3909695681692,26,Cuerpo de agua,0.0,col5-v2-bol-level_1-FINAL,2001,"{""type"":""Point"",""coordinates"":[0.0,0.0]}",Bolivia,,
245,16_0_9,5.340590208923327,32,Salinas,0.0,col5-v2-bol-level_1-FINAL,2001,"{""type"":""Point"",""coordinates"":[0.0,0.0]}",Bolivia,,
246,16_0_10,100.92946807975731,42,Pastizal Abierto,0.0,col5-v2-bol-level_1-FINAL,2001,"{""type"":""Point"",""coordinates"":[0.0,0.0]}",Bolivia,,
247,16_0_11,399.8001985388295,43,Pastizal Cerrado,0.0,col5-v2-bol-level_1-FINAL,2001,"{""type"":""Point"",""coordinates"":[0.0,0.0]}",Bolivia,,
248,16_0_12,1371.898989713949,57,Cultivos Simples,0.0,col5-v2-bol-level_1-FINAL,2001,"{""type"":""Point"",""coordinates"":[0.0,0.0]}",Bolivia,,
249,16_0_13,517.7023315907187,58,Cultivos Multiples,0.0,col5-v2-bol-level_1-FINAL,2001,"{""type"":""Point"",""coordinates"":[0.0,0.0]}",Bolivia,,
250,17_0_0,114722.65658838686,3,Leñosas Cerradas,0.0,col5-v2-bol-level_1-FINAL,2002,"{""type"":""Point"",""coordinates"":[0.0,0.0]}",Bolivia,,
251,17_0_1,3592.102803395949,4,Leñosas Abiertas,0.0,col5-v2-bol-level_1-FINAL,2002,"{""type"":""Point"",""coordinates"":[0.0,0.0]}",Bolivia,,
252,17_0_2,182.1656369476016,6,Leñosas Inundables,0.0,col5-v2-bol-level_1-FINAL,2002,"{""type"":""Point"",""coordinates"":[0.0,0.0]}",Bolivia,,
253,17_0_3,7.337100258856627,11,Pastizal Inundable,0.0,col5-v2-bol-level_1-FINAL,2002,"{""type"":""Point"",""coordinates"":[0.0,0.0]}",Bolivia,,
254,17_0_4,712.8621472526359,15,Pasturas,0.0,col5-v2-bol-level_1-FINAL,2002,"{""type"":""Point"",""coordinates"":[0.0,0.0]}",Bolivia,,
255,17_0_5,394.4384339689644,23,Playa y Dunas,0.0,col5-v2-bol-level_1-FINAL,2002,"{""type"":""Point"",""coordinates"":[0.0,0.0]}",Bolivia,,
256,17_0_6,100.70230922120236,24,Infraestructura Urbana,0.0,col5-v2-bol-level_1-FINAL,2002,"{""type"":""Point"",""coordinates"":[0.0,0.0]}",Bolivia,,
257,17_0_7,28.664706815571765,25,Otras Areas No Vegetadas,0.0,col5-v2-bol-level_1-FINAL,2002,"{""type"":""Point"",""coordinates"":[0.0,0.0]}",Bolivia,,
258,17_0_8,270.57092507478154,26,Cuerpo de agua,0.0,col5-v2-bol-level_1-FINAL,2002,"{""type"":""Point"",""coordinates"":[0.0,0.0]}",Bolivia,,
259,17_0_9,5.442806402404768,32,Salinas,0.0,col5-v2-bol-level_1-FINAL,2002,"{""type"":""Point"",""coordinates"":[0.0,0.0]}",Bolivia,,
260,17_0_10,100.18452904853278,42,Pastizal Abierto,0.0,col5-v2-bol-level_1-FINAL,2002,"{""type"":""Point"",""coordinates"":[0.0,0.0]}",Bolivia,,
261,17_0_11,444.4858929002726,43,Pastizal Cerrado,0.0,col5-v2-bol-level_1-FINAL,2002,"{""type"":""Point"",""coordinates"":[0.0,0.0]}",Bolivia,,
262,17_0_12,0.00010421266084558824,45,Leñosas Dispersas,0.0,col5-v2-bol-level_1-FINAL,2002,"{""type"":""Point"",""coordinates"":[0.0,0.0]}",Bolivia,,
263,17_0_13,1766.7893761117175,57,Cultivos Simples,0.0,col5-v2-bol-level_1-FINAL,2002,"{""type"":""Point"",""coordinates"":[0.0,0.0]}",Bolivia,,
264,17_0_14,244.88171308804797,58,Cultivos Multiples,0.0,col5-v2-bol-level_1-FINAL,2002,"{""type"":""Point"",""coordinates"":[0.0,0.0]}",Bolivia,,
265,18_0_0,114531.33196223978,3,Leñosas Cerradas,0.0,col5-v2-bol-level_1-FINAL,2003,"{""type"":""Point"",""coordinates"":[0.0,0.0]}",Bolivia,,
266,18_0_1,3615.148715307652,4,Leñosas Abiertas,0.0,col5-v2-bol-level_1-FINAL,2003,"{""type"":""Point"",""coordinates"":[0.0,0.0]}",Bolivia,,
267,18_0_2,171.22708149628306,6,Leñosas Inundables,0.0,col5-v2-bol-level_1-FINAL,2003,"{""type"":""Point"",""coordinates"":[0.0,0.0]}",Bolivia,,
268,18_0_3,6.26118096117069,11,Pastizal Inundable,0.0,col5-v2-bol-level_1-FINAL,2003,"{""type"":""Point"",""coordinates"":[0.0,0.0]}",Bolivia,,
269,18_0_4,815.6568198399355,15,Pasturas,0.0,col5-v2-bol-level_1-FINAL,2003,"{""type"":""Point"",""coordinates"":[0.0,0.0]}",Bolivia,,
270,18_0_5,341.2461587872149,23,Playa y Dunas,0.0,col5-v2-bol-level_1-FINAL,2003,"{""type"":""Point"",""coordinates"":[0.0,0.0]}",Bolivia,,
271,18_0_6,102.40298734844168,24,Infraestructura Urbana,0.0,col5-v2-bol-level_1-FINAL,2003,"{""type"":""Point"",""coordinates"":[0.0,0.0]}",Bolivia,,
272,18_0_7,30.82039777785213,25,Otras Areas No Vegetadas,0.0,col5-v2-bol-level_1-FINAL,2003,"{""type"":""Point"",""coordinates"":[0.0,0.0]}",Bolivia,,
273,18_0_8,289.06580113017475,26,Cuerpo de agua,0.0,col5-v2-bol-level_1-FINAL,2003,"{""type"":""Point"",""coordinates"":[0.0,0.0]}",Bolivia,,
274,18_0_9,4.705823033142091,32,Salinas,0.0,col5-v2-bol-level_1-FINAL,2003,"{""type"":""Point"",""coordinates"":[0.0,0.0]}",Bolivia,,
275,18_0_10,127.45937848189642,42,Pastizal Abierto,0.0,col5-v2-bol-level_1-FINAL,2003,"{""type"":""Point"",""coordinates"":[0.0,0.0]}",Bolivia,,
276,18_0_11,461.11278863012905,43,Pastizal Cerrado,0.0,col5-v2-bol-level_1-FINAL,2003,"{""type"":""Point"",""coordinates"":[0.0,0.0]}",Bolivia,,
277,18_0_12,0.00020842532169117647,45,Leñosas Dispersas,0.0,col5-v2-bol-level_1-FINAL,2003,"{""type"":""Point"",""coordinates"":[0.0,0.0]}",Bolivia,,
278,18_0_13,1450.080550654522,57,Cultivos Simples,0.0,col5-v2-bol-level_1-FINAL,2003,"{""type"":""Point"",""coordinates"":[0.0,0.0]}",Bolivia,,
279,18_0_14,626.7652189720183,58,Cultivos Multiples,0.0,col5-v2-bol-level_1-FINAL,2003,"{""type"":""Point"",""coordinates"":[0.0,0.0]}",Bolivia,,
280,19_0_0,114447.59188739146,3,Leñosas Cerradas,0.0,col5-v2-bol-level_1-FINAL,2004,"{""type"":""Point"",""coordinates"":[0.0,0.0]}",Bolivia,,
281,19_0_1,3657.8573091541016,4,Leñosas Abiertas,0.0,col5-v2-bol-level_1-FINAL,2004,"{""type"":""Point"",""coordinates"":[0.0,0.0]}",Bolivia,,
282,19_0_2,170.57941731775813,6,Leñosas Inundables,0.0,col5-v2-bol-level_1-FINAL,2004,"{""type"":""Point"",""coordinates"":[0.0,0.0]}",Bolivia,,
283,19_0_3,6.414732669120795,11,Pastizal Inundable,0.0,col5-v2-bol-level_1-FINAL,2004,"{""type"":""Point"",""coordinates"":[0.0,0.0]}",Bolivia,,
284,19_0_4,943.7638874259688,15,Pasturas,0.0,col5-v2-bol-level_1-FINAL,2004,"{""type"":""Point"",""coordinates"":[0.0,0.0]}",Bolivia,,
285,19_0_5,342.9380537553519,23,Playa y Dunas,0.0,col5-v2-bol-level_1-FINAL,2004,"{""type"":""Point"",""coordinates"":[0.0,0.0]}",Bolivia,,
286,19_0_6,103.23899411444768,24,Infraestructura Urbana,0.0,col5-v2-bol-level_1-FINAL,2004,"{""type"":""Point"",""coordinates"":[0.0,0.0]}",Bolivia,,
287,19_0_7,28.88522734681498,25,Otras Areas No Vegetadas,0.0,col5-v2-bol-level_1-FINAL,2004,"{""type"":""Point"",""coordinates"":[0.0,0.0]}",Bolivia,,
288,19_0_8,277.49947128197243,26,Cuerpo de agua,0.0,col5-v2-bol-level_1-FINAL,2004,"{""type"":""Point"",""coordinates"":[0.0,0.0]}",Bolivia,,
289,19_0_9,4.2417954278564345,32,Salinas,0.0,col5-v2-bol-level_1-FINAL,2004,"{""type"":""Point"",""coordinates"":[0.0,0.0]}",Bolivia,,
290,19_0_10,99.31521229024754,42,Pastizal Abierto,0.0,col5-v2-bol-level_1-FINAL,2004,"{""type"":""Point"",""coordinates"":[0.0,0.0]}",Bolivia,,
291,19_0_11,400.5398972150989,43,Pastizal Cerrado,0.0,col5-v2-bol-level_1-FINAL,2004,"{""type"":""Point"",""coordinates"":[0.0,0.0]}",Bolivia,,
292,19_0_12,1448.227489683485,57,Cultivos Simples,0.0,col5-v2-bol-level_1-FINAL,2004,"{""type"":""Point"",""coordinates"":[0.0,0.0]}",Bolivia,,
293,19_0_13,642.1916980111791,58,Cultivos Multiples,0.0,col5-v2-bol-level_1-FINAL,2004,"{""type"":""Point"",""coordinates"":[0.0,0.0]}",Bolivia,,
294,20_0_0,114261.64446631944,3,Leñosas Cerradas,0.0,col5-v2-bol-level_1-FINAL,2005,"{""type"":""Point"",""coordinates"":[0.0,0.0]}",Bolivia,,
295,20_0_1,3700.1081456357297,4,Leñosas Abiertas,0.0,col5-v2-bol-level_1-FINAL,2005,"{""type"":""Point"",""coordinates"":[0.0,0.0]}",Bolivia,,
296,20_0_2,169.50478478154002,6,Leñosas Inundables,0.0,col5-v2-bol-level_1-FINAL,2005,"{""type"":""Point"",""coordinates"":[0.0,0.0]}",Bolivia,,
297,20_0_3,116.15773870305694,11,Pastizal Inundable,0.0,col5-v2-bol-level_1-FINAL,2005,"{""type"":""Point"",""coordinates"":[0.0,0.0]}",Bolivia,,
298,20_0_4,1016.2862357934664,15,Pasturas,0.0,col5-v2-bol-level_1-FINAL,2005,"{""type"":""Point"",""coordinates"":[0.0,0.0]}",Bolivia,,
299,20_0_5,311.6038804059547,23,Playa y Dunas,0.0,col5-v2-bol-level_1-FINAL,2005,"{""type"":""Point"",""coordinates"":[0.0,0.0]}",Bolivia,,
300,20_0_6,103.99315473974583,24,Infraestructura Urbana,0.0,col5-v2-bol-level_1-FINAL,2005,"{""type"":""Point"",""coordinates"":[0.0,0.0]}",Bolivia,,
301,20_0_7,29.772892724590974,25,Otras Areas No Vegetadas,0.0,col5-v2-bol-level_1-FINAL,2005,"{""type"":""Point"",""coordinates"":[0.0,0.0]}",Bolivia,,
302,20_0_8,255.6733106144233,26,Cuerpo de agua,0.0,col5-v2-bol-level_1-FINAL,2005,"{""type"":""Point"",""coordinates"":[0.0,0.0]}",Bolivia,,
303,20_0_9,4.23072935040282,32,Salinas,0.0,col5-v2-bol-level_1-FINAL,2005,"{""type"":""Point"",""coordinates"":[0.0,0.0]}",Bolivia,,
304,20_0_10,92.1026788031796,42,Pastizal Abierto,0.0,col5-v2-bol-level_1-FINAL,2005,"{""type"":""Point"",""coordinates"":[0.0,0.0]}",Bolivia,,
305,20_0_11,423.581804859572,43,Pastizal Cerrado,0.0,col5-v2-bol-level_1-FINAL,2005,"{""type"":""Point"",""coordinates"":[0.0,0.0]}",Bolivia,,
306,20_0_12,0.1204033989868163,44,Pastizal Disperso,0.0,col5-v2-bol-level_1-FINAL,2005,"{""type"":""Point"",""coordinates"":[0.0,0.0]}",Bolivia,,
307,20_0_13,1808.3399341872137,57,Cultivos Simples,0.0,col5-v2-bol-level_1-FINAL,2005,"{""type"":""Point"",""coordinates"":[0.0,0.0]}",Bolivia,,
308,20_0_14,280.16491276643995,58,Cultivos Multiples,0.0,col5-v2-bol-level_1-FINAL,2005,"{""type"":""Point"",""coordinates"":[0.0,0.0]}",Bolivia,,
309,21_0_0,114057.14553436232,3,Leñosas Cerradas,0.0,col5-v2-bol-level_1-FINAL,2006,"{""type"":""Point"",""coordinates"":[0.0,0.0]}",Bolivia,,
310,21_0_1,3584.5272449451445,4,Leñosas Abiertas,0.0,col5-v2-bol-level_1-FINAL,2006,"{""type"":""Point"",""coordinates"":[0.0,0.0]}",Bolivia,,
311,21_0_2,171.26326063584654,6,Leñosas Inundables,0.0,col5-v2-bol-level_1-FINAL,2006,"{""type"":""Point"",""coordinates"":[0.0,0.0]}",Bolivia,,
312,21_0_3,70.39548530537456,11,Pastizal Inundable,0.0,col5-v2-bol-level_1-FINAL,2006,"{""type"":""Point"",""coordinates"":[0.0,0.0]}",Bolivia,,
313,21_0_4,1026.8249538651908,15,Pasturas,0.0,col5-v2-bol-level_1-FINAL,2006,"{""type"":""Point"",""coordinates"":[0.0,0.0]}",Bolivia,,
314,21_0_5,357.5305160773133,23,Playa y Dunas,0.0,col5-v2-bol-level_1-FINAL,2006,"{""type"":""Point"",""coordinates"":[0.0,0.0]}",Bolivia,,
315,21_0_6,104.893230778098,24,Infraestructura Urbana,0.0,col5-v2-bol-level_1-FINAL,2006,"{""type"":""Point"",""coordinates"":[0.0,0.0]}",Bolivia,,
316,21_0_7,18.05695503770254,25,Otras Areas No Vegetadas,0.0,col5-v2-bol-level_1-FINAL,2006,"{""type"":""Point"",""coordinates"":[0.0,0.0]}",Bolivia,,
317,21_0_8,275.8636554620177,26,Cuerpo de agua,0.0,col5-v2-bol-level_1-FINAL,2006,"{""type"":""Point"",""coordinates"":[0.0,0.0]}",Bolivia,,
318,21_0_9,3.6270898853759785,32,Salinas,0.0,col5-v2-bol-level_1-FINAL,2006,"{""type"":""Point"",""coordinates"":[0.0,0.0]}",Bolivia,,
319,21_0_10,83.86946855447118,42,Pastizal Abierto,0.0,col5-v2-bol-level_1-FINAL,2006,"{""type"":""Point"",""coordinates"":[0.0,0.0]}",Bolivia,,
320,21_0_11,468.3206526432095,43,Pastizal Cerrado,0.0,col5-v2-bol-level_1-FINAL,2006,"{""type"":""Point"",""coordinates"":[0.0,0.0]}",Bolivia,,
321,21_0_12,0.2217676121215824,44,Pastizal Disperso,0.0,col5-v2-bol-level_1-FINAL,2006,"{""type"":""Point"",""coordinates"":[0.0,0.0]}",Bolivia,,
322,21_0_13,2014.071313625389,57,Cultivos Simples,0.0,col5-v2-bol-level_1-FINAL,2006,"{""type"":""Point"",""coordinates"":[0.0,0.0]}",Bolivia,,
323,21_0_14,336.6739442951816,58,Cultivos Multiples,0.0,col5-v2-bol-level_1-FINAL,2006,"{""type"":""Point"",""coordinates"":[0.0,0.0]}",Bolivia,,
324,22_0_0,113861.53246471308,3,Leñosas Cerradas,0.0,col5-v2-bol-level_1-FINAL,2007,"{""type"":""Point"",""coordinates"":[0.0,0.0]}",Bolivia,,
325,22_0_1,3577.9876928816752,4,Leñosas Abiertas,0.0,col5-v2-bol-level_1-FINAL,2007,"{""type"":""Point"",""coordinates"":[0.0,0.0]}",Bolivia,,
326,22_0_2,174.03646472175498,6,Leñosas Inundables,0.0,col5-v2-bol-level_1-FINAL,2007,"{""type"":""Point"",""coordinates"":[0.0,0.0]}",Bolivia,,
327,22_0_3,73.2995355173402,11,Pastizal Inundable,0.0,col5-v2-bol-level_1-FINAL,2007,"{""type"":""Point"",""coordinates"":[0.0,0.0]}",Bolivia,,
328,22_0_4,1053.9947489307092,15,Pasturas,0.0,col5-v2-bol-level_1-FINAL,2007,"{""type"":""Point"",""coordinates"":[0.0,0.0]}",Bolivia,,
329,22_0_5,391.5400033167176,23,Playa y Dunas,0.0,col5-v2-bol-level_1-FINAL,2007,"{""type"":""Point"",""coordinates"":[0.0,0.0]}",Bolivia,,
330,22_0_6,105.83459704108203,24,Infraestructura Urbana,0.0,col5-v2-bol-level_1-FINAL,2007,"{""type"":""Point"",""coordinates"":[0.0,0.0]}",Bolivia,,
331,22_0_7,16.049627333451127,25,Otras Areas No Vegetadas,0.0,col5-v2-bol-level_1-FINAL,2007,"{""type"":""Point"",""coordinates"":[0.0,0.0]}",Bolivia,,
332,22_0_8,252.53032220764896,26,Cuerpo de agua,0.0,col5-v2-bol-level_1-FINAL,2007,"{""type"":""Point"",""coordinates"":[0.0,0.0]}",Bolivia,,
333,22_0_9,3.9347392058105504,32,Salinas,0.0,col5-v2-bol-level_1-FINAL,2007,"{""type"":""Point"",""coordinates"":[0.0,0.0]}",Bolivia,,
334,22_0_10,83.19334039713613,42,Pastizal Abierto,0.0,col5-v2-bol-level_1-FINAL,2007,"{""type"":""Point"",""coordinates"":[0.0,0.0]}",Bolivia,,
335,22_0_11,475.0800879512931,43,Pastizal Cerrado,0.0,col5-v2-bol-level_1-FINAL,2007,"{""type"":""Point"",""coordinates"":[0.0,0.0]}",Bolivia,,
336,22_0_12,0.1309131636352538,44,Pastizal Disperso,0.0,col5-v2-bol-level_1-FINAL,2007,"{""type"":""Point"",""coordinates"":[0.0,0.0]}",Bolivia,,
337,22_0_13,1771.5052377403626,57,Cultivos Simples,0.0,col5-v2-bol-level_1-FINAL,2007,"{""type"":""Point"",""coordinates"":[0.0,0.0]}",Bolivia,,
338,22_0_14,732.6352979636882,58,Cultivos Multiples,0.0,col5-v2-bol-level_1-FINAL,2007,"{""type"":""Point"",""coordinates"":[0.0,0.0]}",Bolivia,,
339,23_0_0,113566.48407695876,3,Leñosas Cerradas,0.0,col5-v2-bol-level_1-FINAL,2008,"{""type"":""Point"",""coordinates"":[0.0,0.0]}",Bolivia,,
340,23_0_1,3596.3000946639672,4,Leñosas Abiertas,0.0,col5-v2-bol-level_1-FINAL,2008,"{""type"":""Point"",""coordinates"":[0.0,0.0]}",Bolivia,,
341,23_0_2,185.4385086548795,6,Leñosas Inundables,0.0,col5-v2-bol-level_1-FINAL,2008,"{""type"":""Point"",""coordinates"":[0.0,0.0]}",Bolivia,,
342,23_0_3,56.3665518682392,11,Pastizal Inundable,0.0,col5-v2-bol-level_1-FINAL,2008,"{""type"":""Point"",""coordinates"":[0.0,0.0]}",Bolivia,,
343,23_0_4,1171.0352011377156,15,Pasturas,0.0,col5-v2-bol-level_1-FINAL,2008,"{""type"":""Point"",""coordinates"":[0.0,0.0]}",Bolivia,,
344,23_0_5,448.2520887235236,23,Playa y Dunas,0.0,col5-v2-bol-level_1-FINAL,2008,"{""type"":""Point"",""coordinates"":[0.0,0.0]}",Bolivia,,
345,23_0_6,106.63067526036208,24,Infraestructura Urbana,0.0,col5-v2-bol-level_1-FINAL,2008,"{""type"":""Point"",""coordinates"":[0.0,0.0]}",Bolivia,,
346,23_0_7,14.853504037376036,25,Otras Areas No Vegetadas,0.0,col5-v2-bol-level_1-FINAL,2008,"{""type"":""Point"",""coordinates"":[0.0,0.0]}",Bolivia,,
347,23_0_8,234.788085193934,26,Cuerpo de agua,0.0,col5-v2-bol-level_1-FINAL,2008,"{""type"":""Point"",""coordinates"":[0.0,0.0]}",Bolivia,,
348,23_0_9,3.788441374023444,32,Salinas,0.0,col5-v2-bol-level_1-FINAL,2008,"{""type"":""Point"",""coordinates"":[0.0,0.0]}",Bolivia,,
349,23_0_10,78.25363461559488,42,Pastizal Abierto,0.0,col5-v2-bol-level_1-FINAL,2008,"{""type"":""Point"",""coordinates"":[0.0,0.0]}",Bolivia,,
350,23_0_11,460.1177484474632,43,Pastizal Cerrado,0.0,col5-v2-bol-level_1-FINAL,2008,"{""type"":""Point"",""coordinates"":[0.0,0.0]}",Bolivia,,
351,23_0_12,0.00587425390625,44,Pastizal Disperso,0.0,col5-v2-bol-level_1-FINAL,2008,"{""type"":""Point"",""coordinates"":[0.0,0.0]}",Bolivia,,
352,23_0_13,2499.42572979972,57,Cultivos Simples,0.0,col5-v2-bol-level_1-FINAL,2008,"{""type"":""Point"",""coordinates"":[0.0,0.0]}",Bolivia,,
353,23_0_14,151.54485809602744,58,Cultivos Multiples,0.0,col5-v2-bol-level_1-FINAL,2008,"{""type"":""Point"",""coordinates"":[0.0,0.0]}",Bolivia,,
354,24_0_0,113346.56954333856,3,Leñosas Cerradas,0.0,col5-v2-bol-level_1-FINAL,2009,"{""type"":""Point"",""coordinates"":[0.0,0.0]}",Bolivia,,
355,24_0_1,3594.049697106198,4,Leñosas Abiertas,0.0,col5-v2-bol-level_1-FINAL,2009,"{""type"":""Point"",""coordinates"":[0.0,0.0]}",Bolivia,,
356,24_0_2,174.70579972935158,6,Leñosas Inundables,0.0,col5-v2-bol-level_1-FINAL,2009,"{""type"":""Point"",""coordinates"":[0.0,0.0]}",Bolivia,,
357,24_0_3,55.893134916633336,11,Pastizal Inundable,0.0,col5-v2-bol-level_1-FINAL,2009,"{""type"":""Point"",""coordinates"":[0.0,0.0]}",Bolivia,,
358,24_0_4,1222.058827313293,15,Pasturas,0.0,col5-v2-bol-level_1-FINAL,2009,"{""type"":""Point"",""coordinates"":[0.0,0.0]}",Bolivia,,
359,24_0_5,427.861047878305,23,Playa y Dunas,0.0,col5-v2-bol-level_1-FINAL,2009,"{""type"":""Point"",""coordinates"":[0.0,0.0]}",Bolivia,,
360,24_0_6,108.2181648787433,24,Infraestructura Urbana,0.0,col5-v2-bol-level_1-FINAL,2009,"{""type"":""Point"",""coordinates"":[0.0,0.0]}",Bolivia,,
361,24_0_7,11.672740518963026,25,Otras Areas No Vegetadas,0.0,col5-v2-bol-level_1-FINAL,2009,"{""type"":""Point"",""coordinates"":[0.0,0.0]}",Bolivia,,
362,24_0_8,242.996795695385,26,Cuerpo de agua,0.0,col5-v2-bol-level_1-FINAL,2009,"{""type"":""Point"",""coordinates"":[0.0,0.0]}",Bolivia,,
363,24_0_9,3.7395195161743207,32,Salinas,0.0,col5-v2-bol-level_1-FINAL,2009,"{""type"":""Point"",""coordinates"":[0.0,0.0]}",Bolivia,,
364,24_0_10,81.98219790015804,42,Pastizal Abierto,0.0,col5-v2-bol-level_1-FINAL,2009,"{""type"":""Point"",""coordinates"":[0.0,0.0]}",Bolivia,,
365,24_0_11,484.8349925596359,43,Pastizal Cerrado,0.0,col5-v2-bol-level_1-FINAL,2009,"{""type"":""Point"",""coordinates"":[0.0,0.0]}",Bolivia,,
366,24_0_12,0.0260083728027343,44,Pastizal Disperso,0.0,col5-v2-bol-level_1-FINAL,2009,"{""type"":""Point"",""coordinates"":[0.0,0.0]}",Bolivia,,
367,24_0_13,2340.14980033585,57,Cultivos Simples,0.0,col5-v2-bol-level_1-FINAL,2009,"{""type"":""Point"",""coordinates"":[0.0,0.0]}",Bolivia,,
368,24_0_14,478.5268030268152,58,Cultivos Multiples,0.0,col5-v2-bol-level_1-FINAL,2009,"{""type"":""Point"",""coordinates"":[0.0,0.0]}",Bolivia,,
369,25_0_0,113064.10830902914,3,Leñosas Cerradas,0.0,col5-v2-bol-level_1-FINAL,2010,"{""type"":""Point"",""coordinates"":[0.0,0.0]}",Bolivia,,
370,25_0_1,3562.416179806912,4,Leñosas Abiertas,0.0,col5-v2-bol-level_1-FINAL,2010,"{""type"":""Point"",""coordinates"":[0.0,0.0]}",Bolivia,,
371,25_0_2,158.45136092317247,6,Leñosas Inundables,0.0,col5-v2-bol-level_1-FINAL,2010,"{""type"":""Point"",""coordinates"":[0.0,0.0]}",Bolivia,,
372,25_0_3,31.918306305801888,11,Pastizal Inundable,0.0,col5-v2-bol-level_1-FINAL,2010,"{""type"":""Point"",""coordinates"":[0.0,0.0]}",Bolivia,,
373,25_0_4,1222.8613858906326,15,Pasturas,0.0,col5-v2-bol-level_1-FINAL,2010,"{""type"":""Point"",""coordinates"":[0.0,0.0]}",Bolivia,,
374,25_0_5,367.57486298773904,23,Playa y Dunas,0.0,col5-v2-bol-level_1-FINAL,2010,"{""type"":""Point"",""coordinates"":[0.0,0.0]}",Bolivia,,
375,25_0_6,110.92032757240528,24,Infraestructura Urbana,0.0,col5-v2-bol-level_1-FINAL,2010,"{""type"":""Point"",""coordinates"":[0.0,0.0]}",Bolivia,,
376,25_0_7,6.012396729532882,25,Otras Areas No Vegetadas,0.0,col5-v2-bol-level_1-FINAL,2010,"{""type"":""Point"",""coordinates"":[0.0,0.0]}",Bolivia,,
377,25_0_8,268.2297808424907,26,Cuerpo de agua,0.0,col5-v2-bol-level_1-FINAL,2010,"{""type"":""Point"",""coordinates"":[0.0,0.0]}",Bolivia,,
378,25_0_9,4.2890478944702055,32,Salinas,0.0,col5-v2-bol-level_1-FINAL,2010,"{""type"":""Point"",""coordinates"":[0.0,0.0]}",Bolivia,,
379,25_0_10,84.30250936980678,42,Pastizal Abierto,0.0,col5-v2-bol-level_1-FINAL,2010,"{""type"":""Point"",""coordinates"":[0.0,0.0]}",Bolivia,,
380,25_0_11,450.92227055598266,43,Pastizal Cerrado,0.0,col5-v2-bol-level_1-FINAL,2010,"{""type"":""Point"",""coordinates"":[0.0,0.0]}",Bolivia,,
381,25_0_12,0.0655036658935546,44,Pastizal Disperso,0.0,col5-v2-bol-level_1-FINAL,2010,"{""type"":""Point"",""coordinates"":[0.0,0.0]}",Bolivia,,
382,25_0_13,2299.429195527285,57,Cultivos Simples,0.0,col5-v2-bol-level_1-FINAL,2010,"{""type"":""Point"",""coordinates"":[0.0,0.0]}",Bolivia,,
383,25_0_14,941.783635985802,58,Cultivos Multiples,0.0,col5-v2-bol-level_1-FINAL,2010,"{""type"":""Point"",""coordinates"":[0.0,0.0]}",Bolivia,,
384,26_0_0,112560.34222257449,3,Leñosas Cerradas,0.0,col5-v2-bol-level_1-FINAL,2011,"{""type"":""Point"",""coordinates"":[0.0,0.0]}",Bolivia,,
385,26_0_1,3505.1264123920537,4,Leñosas Abiertas,0.0,col5-v2-bol-level_1-FINAL,2011,"{""type"":""Point"",""coordinates"":[0.0,0.0]}",Bolivia,,
386,26_0_2,158.57180058633185,6,Leñosas Inundables,0.0,col5-v2-bol-level_1-FINAL,2011,"{""type"":""Point"",""coordinates"":[0.0,0.0]}",Bolivia,,
387,26_0_3,36.47297174737764,11,Pastizal Inundable,0.0,col5-v2-bol-level_1-FINAL,2011,"{""type"":""Point"",""coordinates"":[0.0,0.0]}",Bolivia,,
388,26_0_4,1254.1228532384805,15,Pasturas,0.0,col5-v2-bol-level_1-FINAL,2011,"{""type"":""Point"",""coordinates"":[0.0,0.0]}",Bolivia,,
389,26_0_5,376.07380959639374,23,Playa y Dunas,0.0,col5-v2-bol-level_1-FINAL,2011,"{""type"":""Point"",""coordinates"":[0.0,0.0]}",Bolivia,,
390,26_0_6,113.71347665453771,24,Infraestructura Urbana,0.0,col5-v2-bol-level_1-FINAL,2011,"{""type"":""Point"",""coordinates"":[0.0,0.0]}",Bolivia,,
391,26_0_7,10.38022275914954,25,Otras Areas No Vegetadas,0.0,col5-v2-bol-level_1-FINAL,2011,"{""type"":""Point"",""coordinates"":[0.0,0.0]}",Bolivia,,
392,26_0_8,295.6180174255835,26,Cuerpo de agua,0.0,col5-v2-bol-level_1-FINAL,2011,"{""type"":""Point"",""coordinates"":[0.0,0.0]}",Bolivia,,
393,26_0_9,3.7173416311035226,32,Salinas,0.0,col5-v2-bol-level_1-FINAL,2011,"{""type"":""Point"",""coordinates"":[0.0,0.0]}",Bolivia,,
394,26_0_10,84.97206237126679,42,Pastizal Abierto,0.0,col5-v2-bol-level_1-FINAL,2011,"{""type"":""Point"",""coordinates"":[0.0,0.0]}",Bolivia,,
395,26_0_11,463.6376785262049,43,Pastizal Cerrado,0.0,col5-v2-bol-level_1-FINAL,2011,"{""type"":""Point"",""coordinates"":[0.0,0.0]}",Bolivia,,
396,26_0_12,0.3560090355834965,44,Pastizal Disperso,0.0,col5-v2-bol-level_1-FINAL,2011,"{""type"":""Point"",""coordinates"":[0.0,0.0]}",Bolivia,,
397,26_0_13,3577.2154721719457,57,Cultivos Simples,0.0,col5-v2-bol-level_1-FINAL,2011,"{""type"":""Point"",""coordinates"":[0.0,0.0]}",Bolivia,,
398,26_0_14,132.9647223771923,58,Cultivos Multiples,0.0,col5-v2-bol-level_1-FINAL,2011,"{""type"":""Point"",""coordinates"":[0.0,0.0]}",Bolivia,,
399,27_0_0,112365.01084111644,3,Leñosas Cerradas,0.0,col5-v2-bol-level_1-FINAL,2012,"{""type"":""Point"",""coordinates"":[0.0,0.0]}",Bolivia,,
400,27_0_1,3506.086805791519,4,Leñosas Abiertas,0.0,col5-v2-bol-level_1-FINAL,2012,"{""type"":""Point"",""coordinates"":[0.0,0.0]}",Bolivia,,
401,27_0_2,153.75333340402622,6,Leñosas Inundables,0.0,col5-v2-bol-level_1-FINAL,2012,"{""type"":""Point"",""coordinates"":[0.0,0.0]}",Bolivia,,
402,27_0_3,36.16501178728681,11,Pastizal Inundable,0.0,col5-v2-bol-level_1-FINAL,2012,"{""type"":""Point"",""coordinates"":[0.0,0.0]}",Bolivia,,
403,27_0_4,1175.5690214241465,15,Pasturas,0.0,col5-v2-bol-level_1-FINAL,2012,"{""type"":""Point"",""coordinates"":[0.0,0.0]}",Bolivia,,
404,27_0_5,411.63337480491214,23,Playa y Dunas,0.0,col5-v2-bol-level_1-FINAL,2012,"{""type"":""Point"",""coordinates"":[0.0,0.0]}",Bolivia,,
405,27_0_6,116.28816727932274,24,Infraestructura Urbana,0.0,col5-v2-bol-level_1-FINAL,2012,"{""type"":""Point"",""coordinates"":[0.0,0.0]}",Bolivia,,
406,27_0_7,9.942047601026593,25,Otras Areas No Vegetadas,0.0,col5-v2-bol-level_1-FINAL,2012,"{""type"":""Point"",""coordinates"":[0.0,0.0]}",Bolivia,,
407,27_0_8,271.84842023566256,26,Cuerpo de agua,0.0,col5-v2-bol-level_1-FINAL,2012,"{""type"":""Point"",""coordinates"":[0.0,0.0]}",Bolivia,,
408,27_0_9,3.457834341796887,32,Salinas,0.0,col5-v2-bol-level_1-FINAL,2012,"{""type"":""Point"",""coordinates"":[0.0,0.0]}",Bolivia,,
409,27_0_10,80.11589570444137,42,Pastizal Abierto,0.0,col5-v2-bol-level_1-FINAL,2012,"{""type"":""Point"",""coordinates"":[0.0,0.0]}",Bolivia,,
410,27_0_11,492.7404039878338,43,Pastizal Cerrado,0.0,col5-v2-bol-level_1-FINAL,2012,"{""type"":""Point"",""coordinates"":[0.0,0.0]}",Bolivia,,
411,27_0_12,0.0578077550048828,44,Pastizal Disperso,0.0,col5-v2-bol-level_1-FINAL,2012,"{""type"":""Point"",""coordinates"":[0.0,0.0]}",Bolivia,,
412,27_0_13,3696.537877924455,57,Cultivos Simples,0.0,col5-v2-bol-level_1-FINAL,2012,"{""type"":""Point"",""coordinates"":[0.0,0.0]}",Bolivia,,
413,27_0_14,254.07822992920984,58,Cultivos Multiples,0.0,col5-v2-bol-level_1-FINAL,2012,"{""type"":""Point"",""coordinates"":[0.0,0.0]}",Bolivia,,
414,28_0_0,112128.83438235392,3,Leñosas Cerradas,0.0,col5-v2-bol-level_1-FINAL,2013,"{""type"":""Point"",""coordinates"":[0.0,0.0]}",Bolivia,,
415,28_0_1,3634.223089355088,4,Leñosas Abiertas,0.0,col5-v2-bol-level_1-FINAL,2013,"{""type"":""Point"",""coordinates"":[0.0,0.0]}",Bolivia,,
416,28_0_2,150.29910464740703,6,Leñosas Inundables,0.0,col5-v2-bol-level_1-FINAL,2013,"{""type"":""Point"",""coordinates"":[0.0,0.0]}",Bolivia,,
417,28_0_3,46.71791086189449,11,Pastizal Inundable,0.0,col5-v2-bol-level_1-FINAL,2013,"{""type"":""Point"",""coordinates"":[0.0,0.0]}",Bolivia,,
418,28_0_4,1239.3104896857865,15,Pasturas,0.0,col5-v2-bol-level_1-FINAL,2013,"{""type"":""Point"",""coordinates"":[0.0,0.0]}",Bolivia,,
419,28_0_5,398.48167672583975,23,Playa y Dunas,0.0,col5-v2-bol-level_1-FINAL,2013,"{""type"":""Point"",""coordinates"":[0.0,0.0]}",Bolivia,,
420,28_0_6,119.26553616971604,24,Infraestructura Urbana,0.0,col5-v2-bol-level_1-FINAL,2013,"{""type"":""Point"",""coordinates"":[0.0,0.0]}",Bolivia,,
421,28_0_7,7.545688931662884,25,Otras Areas No Vegetadas,0.0,col5-v2-bol-level_1-FINAL,2013,"{""type"":""Point"",""coordinates"":[0.0,0.0]}",Bolivia,,
422,28_0_8,246.23212770519464,26,Cuerpo de agua,0.0,col5-v2-bol-level_1-FINAL,2013,"{""type"":""Point"",""coordinates"":[0.0,0.0]}",Bolivia,,
423,28_0_9,4.723616750427249,32,Salinas,0.0,col5-v2-bol-level_1-FINAL,2013,"{""type"":""Point"",""coordinates"":[0.0,0.0]}",Bolivia,,
424,28_0_10,81.03249447722229,42,Pastizal Abierto,0.0,col5-v2-bol-level_1-FINAL,2013,"{""type"":""Point"",""coordinates"":[0.0,0.0]}",Bolivia,,
425,28_0_11,509.09876892386,43,Pastizal Cerrado,0.0,col5-v2-bol-level_1-FINAL,2013,"{""type"":""Point"",""coordinates"":[0.0,0.0]}",Bolivia,,
426,28_0_12,0.0552800371704101,44,Pastizal Disperso,0.0,col5-v2-bol-level_1-FINAL,2013,"{""type"":""Point"",""coordinates"":[0.0,0.0]}",Bolivia,,
427,28_0_13,2966.2390436322626,57,Cultivos Simples,0.0,col5-v2-bol-level_1-FINAL,2013,"{""type"":""Point"",""coordinates"":[0.0,0.0]}",Bolivia,,
428,28_0_14,1041.2258628292934,58,Cultivos Multiples,0.0,col5-v2-bol-level_1-FINAL,2013,"{""type"":""Point"",""coordinates"":[0.0,0.0]}",Bolivia,,
429,29_0_0,111842.44312088907,3,Leñosas Cerradas,0.0,col5-v2-bol-level_1-FINAL,2014,"{""type"":""Point"",""coordinates"":[0.0,0.0]}",Bolivia,,
430,29_0_1,3697.737239706774,4,Leñosas Abiertas,0.0,col5-v2-bol-level_1-FINAL,2014,"{""type"":""Point"",""coordinates"":[0.0,0.0]}",Bolivia,,
431,29_0_2,126.23341633126064,6,Leñosas Inundables,0.0,col5-v2-bol-level_1-FINAL,2014,"{""type"":""Point"",""coordinates"":[0.0,0.0]}",Bolivia,,
432,29_0_3,55.222638091291984,11,Pastizal Inundable,0.0,col5-v2-bol-level_1-FINAL,2014,"{""type"":""Point"",""coordinates"":[0.0,0.0]}",Bolivia,,
433,29_0_4,1298.2241338609736,15,Pasturas,0.0,col5-v2-bol-level_1-FINAL,2014,"{""type"":""Point"",""coordinates"":[0.0,0.0]}",Bolivia,,
434,29_0_5,393.7266571182802,23,Playa y Dunas,0.0,col5-v2-bol-level_1-FINAL,2014,"{""type"":""Point"",""coordinates"":[0.0,0.0]}",Bolivia,,
435,29_0_6,121.24243231213524,24,Infraestructura Urbana,0.0,col5-v2-bol-level_1-FINAL,2014,"{""type"":""Point"",""coordinates"":[0.0,0.0]}",Bolivia,,
436,29_0_7,11.445092425042612,25,Otras Areas No Vegetadas,0.0,col5-v2-bol-level_1-FINAL,2014,"{""type"":""Point"",""coordinates"":[0.0,0.0]}",Bolivia,,
437,29_0_8,250.2619695115528,26,Cuerpo de agua,0.0,col5-v2-bol-level_1-FINAL,2014,"{""type"":""Point"",""coordinates"":[0.0,0.0]}",Bolivia,,
438,29_0_9,4.668943205444328,32,Salinas,0.0,col5-v2-bol-level_1-FINAL,2014,"{""type"":""Point"",""coordinates"":[0.0,0.0]}",Bolivia,,
439,29_0_10,84.87350002461416,42,Pastizal Abierto,0.0,col5-v2-bol-level_1-FINAL,2014,"{""type"":""Point"",""coordinates"":[0.0,0.0]}",Bolivia,,
440,29_0_11,560.4712354526097,43,Pastizal Cerrado,0.0,col5-v2-bol-level_1-FINAL,2014,"{""type"":""Point"",""coordinates"":[0.0,0.0]}",Bolivia,,
441,29_0_12,0.0678474298095703,44,Pastizal Disperso,0.0,col5-v2-bol-level_1-FINAL,2014,"{""type"":""Point"",""coordinates"":[0.0,0.0]}",Bolivia,,
442,29_0_13,3671.936390968949,57,Cultivos Simples,0.0,col5-v2-bol-level_1-FINAL,2014,"{""type"":""Point"",""coordinates"":[0.0,0.0]}",Bolivia,,
443,29_0_14,454.7304557600097,58,Cultivos Multiples,0.0,col5-v2-bol-level_1-FINAL,2014,"{""type"":""Point"",""coordinates"":[0.0,0.0]}",Bolivia,,
444,30_0_0,111480.14667103242,3,Leñosas Cerradas,0.0,col5-v2-bol-level_1-FINAL,2015,"{""type"":""Point"",""coordinates"":[0.0,0.0]}",Bolivia,,
445,30_0_1,3672.8892054213457,4,Leñosas Abiertas,0.0,col5-v2-bol-level_1-FINAL,2015,"{""type"":""Point"",""coordinates"":[0.0,0.0]}",Bolivia,,
446,30_0_2,135.08634386797846,6,Leñosas Inundables,0.0,col5-v2-bol-level_1-FINAL,2015,"{""type"":""Point"",""coordinates"":[0.0,0.0]}",Bolivia,,
447,30_0_3,46.39023732756412,11,Pastizal Inundable,0.0,col5-v2-bol-level_1-FINAL,2015,"{""type"":""Point"",""coordinates"":[0.0,0.0]}",Bolivia,,
448,30_0_4,1737.21209593117,15,Pasturas,0.0,col5-v2-bol-level_1-FINAL,2015,"{""type"":""Point"",""coordinates"":[0.0,0.0]}",Bolivia,,
449,30_0_5,379.5191817939443,23,Playa y Dunas,0.0,col5-v2-bol-level_1-FINAL,2015,"{""type"":""Point"",""coordinates"":[0.0,0.0]}",Bolivia,,
450,30_0_6,124.95297261725284,24,Infraestructura Urbana,0.0,col5-v2-bol-level_1-FINAL,2015,"{""type"":""Point"",""coordinates"":[0.0,0.0]}",Bolivia,,
451,30_0_7,10.72047316188056,25,Otras Areas No Vegetadas,0.0,col5-v2-bol-level_1-FINAL,2015,"{""type"":""Point"",""coordinates"":[0.0,0.0]}",Bolivia,,
452,30_0_8,271.94915144915814,26,Cuerpo de agua,0.0,col5-v2-bol-level_1-FINAL,2015,"{""type"":""Point"",""coordinates"":[0.0,0.0]}",Bolivia,,
453,30_0_9,4.7271472519531255,32,Salinas,0.0,col5-v2-bol-level_1-FINAL,2015,"{""type"":""Point"",""coordinates"":[0.0,0.0]}",Bolivia,,
454,30_0_10,84.57779412567527,42,Pastizal Abierto,0.0,col5-v2-bol-level_1-FINAL,2015,"{""type"":""Point"",""coordinates"":[0.0,0.0]}",Bolivia,,
455,30_0_11,594.2649014493946,43,Pastizal Cerrado,0.0,col5-v2-bol-level_1-FINAL,2015,"{""type"":""Point"",""coordinates"":[0.0,0.0]}",Bolivia,,
456,30_0_12,3290.367472970747,57,Cultivos Simples,0.0,col5-v2-bol-level_1-FINAL,2015,"{""type"":""Point"",""coordinates"":[0.0,0.0]}",Bolivia,,
457,30_0_13,740.4814246878307,58,Cultivos Multiples,0.0,col5-v2-bol-level_1-FINAL,2015,"{""type"":""Point"",""coordinates"":[0.0,0.0]}",Bolivia,,
458,31_0_0,111196.78165340595,3,Leñosas Cerradas,0.0,col5-v2-bol-level_1-FINAL,2016,"{""type"":""Point"",""coordinates"":[0.0,0.0]}",Bolivia,,
459,31_0_1,3624.928588522885,4,Leñosas Abiertas,0.0,col5-v2-bol-level_1-FINAL,2016,"{""type"":""Point"",""coordinates"":[0.0,0.0]}",Bolivia,,
460,31_0_2,152.55144627719076,6,Leñosas Inundables,0.0,col5-v2-bol-level_1-FINAL,2016,"{""type"":""Point"",""coordinates"":[0.0,0.0]}",Bolivia,,
461,31_0_3,17.875618887158634,11,Pastizal Inundable,0.0,col5-v2-bol-level_1-FINAL,2016,"{""type"":""Point"",""coordinates"":[0.0,0.0]}",Bolivia,,
462,31_0_4,1964.0351040625856,15,Pasturas,0.0,col5-v2-bol-level_1-FINAL,2016,"{""type"":""Point"",""coordinates"":[0.0,0.0]}",Bolivia,,
463,31_0_5,412.8025325818762,23,Playa y Dunas,0.0,col5-v2-bol-level_1-FINAL,2016,"{""type"":""Point"",""coordinates"":[0.0,0.0]}",Bolivia,,
464,31_0_6,127.11643214592706,24,Infraestructura Urbana,0.0,col5-v2-bol-level_1-FINAL,2016,"{""type"":""Point"",""coordinates"":[0.0,0.0]}",Bolivia,,
465,31_0_7,7.07669937472307,25,Otras Areas No Vegetadas,0.0,col5-v2-bol-level_1-FINAL,2016,"{""type"":""Point"",""coordinates"":[0.0,0.0]}",Bolivia,,
466,31_0_8,264.4057292921746,26,Cuerpo de agua,0.0,col5-v2-bol-level_1-FINAL,2016,"{""type"":""Point"",""coordinates"":[0.0,0.0]}",Bolivia,,
467,31_0_9,5.616031416625981,32,Salinas,0.0,col5-v2-bol-level_1-FINAL,2016,"{""type"":""Point"",""coordinates"":[0.0,0.0]}",Bolivia,,
468,31_0_10,95.70067165261898,42,Pastizal Abierto,0.0,col5-v2-bol-level_1-FINAL,2016,"{""type"":""Point"",""coordinates"":[0.0,0.0]}",Bolivia,,
469,31_0_11,625.216383793942,43,Pastizal Cerrado,0.0,col5-v2-bol-level_1-FINAL,2016,"{""type"":""Point"",""coordinates"":[0.0,0.0]}",Bolivia,,
470,31_0_12,1952.980954911638,57,Cultivos Simples,0.0,col5-v2-bol-level_1-FINAL,2016,"{""type"":""Point"",""coordinates"":[0.0,0.0]}",Bolivia,,
471,31_0_13,2126.1972267634824,58,Cultivos Multiples,0.0,col5-v2-bol-level_1-FINAL,2016,"{""type"":""Point"",""coordinates"":[0.0,0.0]}",Bolivia,,
472,32_0_0,110813.47547181312,3,Leñosas Cerradas,0.0,col5-v2-bol-level_1-FINAL,2017,"{""type"":""Point"",""coordinates"":[0.0,0.0]}",Bolivia,,
473,32_0_1,3594.5325492269053,4,Leñosas Abiertas,0.0,col5-v2-bol-level_1-FINAL,2017,"{""type"":""Point"",""coordinates"":[0.0,0.0]}",Bolivia,,
474,32_0_2,150.86503680850447,6,Leñosas Inundables,0.0,col5-v2-bol-level_1-FINAL,2017,"{""type"":""Point"",""coordinates"":[0.0,0.0]}",Bolivia,,
475,32_0_3,19.326942222288757,11,Pastizal Inundable,0.0,col5-v2-bol-level_1-FINAL,2017,"{""type"":""Point"",""coordinates"":[0.0,0.0]}",Bolivia,,
476,32_0_4,2133.0483640203324,15,Pasturas,0.0,col5-v2-bol-level_1-FINAL,2017,"{""type"":""Point"",""coordinates"":[0.0,0.0]}",Bolivia,,
477,32_0_5,425.8159159494552,23,Playa y Dunas,0.0,col5-v2-bol-level_1-FINAL,2017,"{""type"":""Point"",""coordinates"":[0.0,0.0]}",Bolivia,,
478,32_0_6,128.9768218263355,24,Infraestructura Urbana,0.0,col5-v2-bol-level_1-FINAL,2017,"{""type"":""Point"",""coordinates"":[0.0,0.0]}",Bolivia,,
479,32_0_7,8.207821153805966,25,Otras Areas No Vegetadas,0.0,col5-v2-bol-level_1-FINAL,2017,"{""type"":""Point"",""coordinates"":[0.0,0.0]}",Bolivia,,
480,32_0_8,242.19367026050023,26,Cuerpo de agua,0.0,col5-v2-bol-level_1-FINAL,2017,"{""type"":""Point"",""coordinates"":[0.0,0.0]}",Bolivia,,
481,32_0_9,5.506303910583484,32,Salinas,0.0,col5-v2-bol-level_1-FINAL,2017,"{""type"":""Point"",""coordinates"":[0.0,0.0]}",Bolivia,,
482,32_0_10,89.49784168314318,42,Pastizal Abierto,0.0,col5-v2-bol-level_1-FINAL,2017,"{""type"":""Point"",""coordinates"":[0.0,0.0]}",Bolivia,,
483,32_0_11,649.6133844885591,43,Pastizal Cerrado,0.0,col5-v2-bol-level_1-FINAL,2017,"{""type"":""Point"",""coordinates"":[0.0,0.0]}",Bolivia,,
484,32_0_12,3912.729835727031,57,Cultivos Simples,0.0,col5-v2-bol-level_1-FINAL,2017,"{""type"":""Point"",""coordinates"":[0.0,0.0]}",Bolivia,,
485,32_0_13,399.4951139969753,58,Cultivos Multiples,0.0,col5-v2-bol-level_1-FINAL,2017,"{""type"":""Point"",""coordinates"":[0.0,0.0]}",Bolivia,,
486,33_0_0,110640.70623416152,3,Leñosas Cerradas,0.0,col5-v2-bol-level_1-FINAL,2018,"{""type"":""Point"",""coordinates"":[0.0,0.0]}",Bolivia,,
487,33_0_1,3592.809855993068,4,Leñosas Abiertas,0.0,col5-v2-bol-level_1-FINAL,2018,"{""type"":""Point"",""coordinates"":[0.0,0.0]}",Bolivia,,
488,33_0_2,174.51225092453018,6,Leñosas Inundables,0.0,col5-v2-bol-level_1-FINAL,2018,"{""type"":""Point"",""coordinates"":[0.0,0.0]}",Bolivia,,
489,33_0_3,19.482318368032235,11,Pastizal Inundable,0.0,col5-v2-bol-level_1-FINAL,2018,"{""type"":""Point"",""coordinates"":[0.0,0.0]}",Bolivia,,
490,33_0_4,2271.779249015335,15,Pasturas,0.0,col5-v2-bol-level_1-FINAL,2018,"{""type"":""Point"",""coordinates"":[0.0,0.0]}",Bolivia,,
491,33_0_5,480.6760173730215,23,Playa y Dunas,0.0,col5-v2-bol-level_1-FINAL,2018,"{""type"":""Point"",""coordinates"":[0.0,0.0]}",Bolivia,,
492,33_0_6,131.33828019828255,24,Infraestructura Urbana,0.0,col5-v2-bol-level_1-FINAL,2018,"{""type"":""Point"",""coordinates"":[0.0,0.0]}",Bolivia,,
493,33_0_7,5.707935252856929,25,Otras Areas No Vegetadas,0.0,col5-v2-bol-level_1-FINAL,2018,"{""type"":""Point"",""coordinates"":[0.0,0.0]}",Bolivia,,
494,33_0_8,209.2947333361979,26,Cuerpo de agua,0.0,col5-v2-bol-level_1-FINAL,2018,"{""type"":""Point"",""coordinates"":[0.0,0.0]}",Bolivia,,
495,33_0_9,5.218994300292946,32,Salinas,0.0,col5-v2-bol-level_1-FINAL,2018,"{""type"":""Point"",""coordinates"":[0.0,0.0]}",Bolivia,,
496,33_0_10,93.45820749149976,42,Pastizal Abierto,0.0,col5-v2-bol-level_1-FINAL,2018,"{""type"":""Point"",""coordinates"":[0.0,0.0]}",Bolivia,,
497,33_0_11,589.6389666632773,43,Pastizal Cerrado,0.0,col5-v2-bol-level_1-FINAL,2018,"{""type"":""Point"",""coordinates"":[0.0,0.0]}",Bolivia,,
498,33_0_12,1985.2181578449088,57,Cultivos Simples,0.0,col5-v2-bol-level_1-FINAL,2018,"{""type"":""Point"",""coordinates"":[0.0,0.0]}",Bolivia,,
499,33_0_13,2373.4438721646147,58,Cultivos Multiples,0.0,col5-v2-bol-level_1-FINAL,2018,"{""type"":""Point"",""coordinates"":[0.0,0.0]}",Bolivia,,
500,34_0_0,110147.71448384724,3,Leñosas Cerradas,0.0,col5-v2-bol-level_1-FINAL,2019,"{""type"":""Point"",""coordinates"":[0.0,0.0]}",Bolivia,,
501,34_0_1,3635.3712895814274,4,Leñosas Abiertas,0.0,col5-v2-bol-level_1-FINAL,2019,"{""type"":""Point"",""coordinates"":[0.0,0.0]}",Bolivia,,
502,34_0_2,175.3558044684588,6,Leñosas Inundables,0.0,col5-v2-bol-level_1-FINAL,2019,"{""type"":""Point"",""coordinates"":[0.0,0.0]}",Bolivia,,
503,34_0_3,14.390498549154676,11,Pastizal Inundable,0.0,col5-v2-bol-level_1-FINAL,2019,"{""type"":""Point"",""coordinates"":[0.0,0.0]}",Bolivia,,
504,34_0_4,2305.7251550507985,15,Pasturas,0.0,col5-v2-bol-level_1-FINAL,2019,"{""type"":""Point"",""coordinates"":[0.0,0.0]}",Bolivia,,
505,34_0_5,467.6129950927644,23,Playa y Dunas,0.0,col5-v2-bol-level_1-FINAL,2019,"{""type"":""Point"",""coordinates"":[0.0,0.0]}",Bolivia,,
506,34_0_6,133.74143373600643,24,Infraestructura Urbana,0.0,col5-v2-bol-level_1-FINAL,2019,"{""type"":""Point"",""coordinates"":[0.0,0.0]}",Bolivia,,
507,34_0_7,4.392812430079796,25,Otras Areas No Vegetadas,0.0,col5-v2-bol-level_1-FINAL,2019,"{""type"":""Point"",""coordinates"":[0.0,0.0]}",Bolivia,,
508,34_0_8,220.87463197415883,26,Cuerpo de agua,0.0,col5-v2-bol-level_1-FINAL,2019,"{""type"":""Point"",""coordinates"":[0.0,0.0]}",Bolivia,,
509,34_0_9,5.1878508636474425,32,Salinas,0.0,col5-v2-bol-level_1-FINAL,2019,"{""type"":""Point"",""coordinates"":[0.0,0.0]}",Bolivia,,
510,34_0_10,100.45094723518064,42,Pastizal Abierto,0.0,col5-v2-bol-level_1-FINAL,2019,"{""type"":""Point"",""coordinates"":[0.0,0.0]}",Bolivia,,
511,34_0_11,623.3034956187552,43,Pastizal Cerrado,0.0,col5-v2-bol-level_1-FINAL,2019,"{""type"":""Point"",""coordinates"":[0.0,0.0]}",Bolivia,,
512,34_0_12,4286.636390437555,57,Cultivos Simples,0.0,col5-v2-bol-level_1-FINAL,2019,"{""type"":""Point"",""coordinates"":[0.0,0.0]}",Bolivia,,
513,34_0_13,452.5272842036139,58,Cultivos Multiples,0.0,col5-v2-bol-level_1-FINAL,2019,"{""type"":""Point"",""coordinates"":[0.0,0.0]}",Bolivia,,
514,35_0_0,109333.8567705916,3,Leñosas Cerradas,0.0,col5-v2-bol-level_1-FINAL,2020,"{""type"":""Point"",""coordinates"":[0.0,0.0]}",Bolivia,,
515,35_0_1,4081.182836587343,4,Leñosas Abiertas,0.0,col5-v2-bol-level_1-FINAL,2020,"{""type"":""Point"",""coordinates"":[0.0,0.0]}",Bolivia,,
516,35_0_2,166.25396350196965,6,Leñosas Inundables,0.0,col5-v2-bol-level_1-FINAL,2020,"{""type"":""Point"",""coordinates"":[0.0,0.0]}",Bolivia,,
517,35_0_3,9.616200925711372,11,Pastizal Inundable,0.0,col5-v2-bol-level_1-FINAL,2020,"{""type"":""Point"",""coordinates"":[0.0,0.0]}",Bolivia,,
518,35_0_4,2357.829137715143,15,Pasturas,0.0,col5-v2-bol-level_1-FINAL,2020,"{""type"":""Point"",""coordinates"":[0.0,0.0]}",Bolivia,,
519,35_0_5,453.0966957775987,23,Playa y Dunas,0.0,col5-v2-bol-level_1-FINAL,2020,"{""type"":""Point"",""coordinates"":[0.0,0.0]}",Bolivia,,
520,35_0_6,137.76958433056097,24,Infraestructura Urbana,0.0,col5-v2-bol-level_1-FINAL,2020,"{""type"":""Point"",""coordinates"":[0.0,0.0]}",Bolivia,,
521,35_0_7,5.636409709433655,25,Otras Areas No Vegetadas,0.0,col5-v2-bol-level_1-FINAL,2020,"{""type"":""Point"",""coordinates"":[0.0,0.0]}",Bolivia,,
522,35_0_8,211.70567672052147,26,Cuerpo de agua,0.0,col5-v2-bol-level_1-FINAL,2020,"{""type"":""Point"",""coordinates"":[0.0,0.0]}",Bolivia,,
523,35_0_9,5.012821592346167,32,Salinas,0.0,col5-v2-bol-level_1-FINAL,2020,"{""type"":""Point"",""coordinates"":[0.0,0.0]}",Bolivia,,
524,35_0_10,86.27838673229893,42,Pastizal Abierto,0.0,col5-v2-bol-level_1-FINAL,2020,"{""type"":""Point"",""coordinates"":[0.0,0.0]}",Bolivia,,
525,35_0_11,606.208834793234,43,Pastizal Cerrado,0.0,col5-v2-bol-level_1-FINAL,2020,"{""type"":""Point"",""coordinates"":[0.0,0.0]}",Bolivia,,
526,35_0_12,2384.145874076475,57,Cultivos Simples,0.0,col5-v2-bol-level_1-FINAL,2020,"{""type"":""Point"",""coordinates"":[0.0,0.0]}",Bolivia,,
527,35_0_13,2734.691880036983,58,Cultivos Multiples,0.0,col5-v2-bol-level_1-FINAL,2020,"{""type"":""Point"",""coordinates"":[0.0,0.0]}",Bolivia,,
528,36_0_0,108588.72757163314,3,Leñosas Cerradas,0.0,col5-v2-bol-level_1-FINAL,2021,"{""type"":""Point"",""coordinates"":[0.0,0.0]}",Bolivia,,
529,36_0_1,4465.122904209658,4,Leñosas Abiertas,0.0,col5-v2-bol-level_1-FINAL,2021,"{""type"":""Point"",""coordinates"":[0.0,0.0]}",Bolivia,,
530,36_0_2,171.26300083224152,6,Leñosas Inundables,0.0,col5-v2-bol-level_1-FINAL,2021,"{""type"":""Point"",""coordinates"":[0.0,0.0]}",Bolivia,,
531,36_0_3,12.470382773568062,11,Pastizal Inundable,0.0,col5-v2-bol-level_1-FINAL,2021,"{""type"":""Point"",""coordinates"":[0.0,0.0]}",Bolivia,,
532,36_0_4,2375.412529420709,15,Pasturas,0.0,col5-v2-bol-level_1-FINAL,2021,"{""type"":""Point"",""coordinates"":[0.0,0.0]}",Bolivia,,
533,36_0_5,384.9704552324789,23,Playa y Dunas,0.0,col5-v2-bol-level_1-FINAL,2021,"{""type"":""Point"",""coordinates"":[0.0,0.0]}",Bolivia,,
534,36_0_6,139.55873013602104,24,Infraestructura Urbana,0.0,col5-v2-bol-level_1-FINAL,2021,"{""type"":""Point"",""coordinates"":[0.0,0.0]}",Bolivia,,
535,36_0_7,10.15602700293734,25,Otras Areas No Vegetadas,0.0,col5-v2-bol-level_1-FINAL,2021,"{""type"":""Point"",""coordinates"":[0.0,0.0]}",Bolivia,,
536,36_0_8,216.16953500919493,26,Cuerpo de agua,0.0,col5-v2-bol-level_1-FINAL,2021,"{""type"":""Point"",""coordinates"":[0.0,0.0]}",Bolivia,,
537,36_0_9,4.705300693298326,32,Salinas,0.0,col5-v2-bol-level_1-FINAL,2021,"{""type"":""Point"",""coordinates"":[0.0,0.0]}",Bolivia,,
538,36_0_10,98.60132336903013,42,Pastizal Abierto,0.0,col5-v2-bol-level_1-FINAL,2021,"{""type"":""Point"",""coordinates"":[0.0,0.0]}",Bolivia,,
539,36_0_11,593.4530051968461,43,Pastizal Cerrado,0.0,col5-v2-bol-level_1-FINAL,2021,"{""type"":""Point"",""coordinates"":[0.0,0.0]}",Bolivia,,
540,36_0_12,4529.602372028654,57,Cultivos Simples,0.0,col5-v2-bol-level_1-FINAL,2021,"{""type"":""Point"",""coordinates"":[0.0,0.0]}",Bolivia,,
541,36_0_13,983.0719355542094,58,Cultivos Multiples,0.0,col5-v2-bol-level_1-FINAL,2021,"{""type"":""Point"",""coordinates"":[0.0,0.0]}",Bolivia,,
542,37_0_0,108025.32939142984,3,Leñosas Cerradas,0.0,col5-v2-bol-level_1-FINAL,2022,"{""type"":""Point"",""coordinates"":[0.0,0.0]}",Bolivia,,
543,37_0_1,4483.651440800403,4,Leñosas Abiertas,0.0,col5-v2-bol-level_1-FINAL,2022,"{""type"":""Point"",""coordinates"":[0.0,0.0]}",Bolivia,,
544,37_0_2,171.17832525564117,6,Leñosas Inundables,0.0,col5-v2-bol-level_1-FINAL,2022,"{""type"":""Point"",""coordinates"":[0.0,0.0]}",Bolivia,,
545,37_0_3,8.350195386876061,11,Pastizal Inundable,0.0,col5-v2-bol-level_1-FINAL,2022,"{""type"":""Point"",""coordinates"":[0.0,0.0]}",Bolivia,,
546,37_0_4,2915.2050890933174,15,Pasturas,0.0,col5-v2-bol-level_1-FINAL,2022,"{""type"":""Point"",""coordinates"":[0.0,0.0]}",Bolivia,,
547,37_0_5,398.5572827742246,23,Playa y Dunas,0.0,col5-v2-bol-level_1-FINAL,2022,"{""type"":""Point"",""coordinates"":[0.0,0.0]}",Bolivia,,
548,37_0_6,149.6617939289124,24,Infraestructura Urbana,0.0,col5-v2-bol-level_1-FINAL,2022,"{""type"":""Point"",""coordinates"":[0.0,0.0]}",Bolivia,,
549,37_0_7,8.568348372628968,25,Otras Areas No Vegetadas,0.0,col5-v2-bol-level_1-FINAL,2022,"{""type"":""Point"",""coordinates"":[0.0,0.0]}",Bolivia,,
550,37_0_8,230.6269343444121,26,Cuerpo de agua,0.0,col5-v2-bol-level_1-FINAL,2022,"{""type"":""Point"",""coordinates"":[0.0,0.0]}",Bolivia,,
551,37_0_9,4.827734109497055,32,Salinas,0.0,col5-v2-bol-level_1-FINAL,2022,"{""type"":""Point"",""coordinates"":[0.0,0.0]}",Bolivia,,
552,37_0_10,99.33661250767987,42,Pastizal Abierto,0.0,col5-v2-bol-level_1-FINAL,2022,"{""type"":""Point"",""coordinates"":[0.0,0.0]}",Bolivia,,
553,37_0_11,572.0393069934629,43,Pastizal Cerrado,0.0,col5-v2-bol-level_1-FINAL,2022,"{""type"":""Point"",""coordinates"":[0.0,0.0]}",Bolivia,,
554,37_0_12,5505.952618095042,57,Cultivos Simples,0.0,col5-v2-bol-level_1-FINAL,2022,"{""type"":""Point"",""coordinates"":[0.0,0.0]}",Bolivia,,
555,38_0_0,107006.2029950766,3,Leñosas Cerradas,0.0,col5-v2-bol-level_1-FINAL,2023,"{""type"":""Point"",""coordinates"":[0.0,0.0]}",Bolivia,,
556,38_0_1,4415.633901079174,4,Leñosas Abiertas,0.0,col5-v2-bol-level_1-FINAL,2023,"{""type"":""Point"",""coordinates"":[0.0,0.0]}",Bolivia,,
557,38_0_2,208.57916247377204,6,Leñosas Inundables,0.0,col5-v2-bol-level_1-FINAL,2023,"{""type"":""Point"",""coordinates"":[0.0,0.0]}",Bolivia,,
558,38_0_3,16.777721758805413,11,Pastizal Inundable,0.0,col5-v2-bol-level_1-FINAL,2023,"{""type"":""Point"",""coordinates"":[0.0,0.0]}",Bolivia,,
559,38_0_4,3302.7184763636837,15,Pasturas,0.0,col5-v2-bol-level_1-FINAL,2023,"{""type"":""Point"",""coordinates"":[0.0,0.0]}",Bolivia,,
560,38_0_5,378.818956134898,23,Playa y Dunas,0.0,col5-v2-bol-level_1-FINAL,2023,"{""type"":""Point"",""coordinates"":[0.0,0.0]}",Bolivia,,
561,38_0_6,152.24435677623595,24,Infraestructura Urbana,0.0,col5-v2-bol-level_1-FINAL,2023,"{""type"":""Point"",""coordinates"":[0.0,0.0]}",Bolivia,,
562,38_0_7,15.870751772375488,25,Otras Areas No Vegetadas,0.0,col5-v2-bol-level_1-FINAL,2023,"{""type"":""Point"",""coordinates"":[0.0,0.0]}",Bolivia,,
563,38_0_8,252.3465181696616,26,Cuerpo de agua,0.0,col5-v2-bol-level_1-FINAL,2023,"{""type"":""Point"",""coordinates"":[0.0,0.0]}",Bolivia,,
564,38_0_9,4.673855865539535,32,Salinas,0.0,col5-v2-bol-level_1-FINAL,2023,"{""type"":""Point"",""coordinates"":[0.0,0.0]}",Bolivia,,
565,38_0_10,108.123882936838,42,Pastizal Abierto,0.0,col5-v2-bol-level_1-FINAL,2023,"{""type"":""Point"",""coordinates"":[0.0,0.0]}",Bolivia,,
566,38_0_11,774.2719066949446,43,Pastizal Cerrado,0.0,col5-v2-bol-level_1-FINAL,2023,"{""type"":""Point"",""coordinates"":[0.0,0.0]}",Bolivia,,
567,38_0_12,5937.022587988076,57,Cultivos Simples,0.0,col5-v2-bol-level_1-FINAL,2023,"{""type"":""Point"",""coordinates"":[0.0,0.0]}",Bolivia,,
